variable_name,variable_unit,timestamps,values
returns units,units,"[""2010-01-31T00:00:00Z"", ""2010-02-07T00:00:00Z"", ""2010-02-14T00:00:00Z"", ""2010-02-21T00:00:00Z"", ""2010-02-28T00:00:00Z"", ""2010-03-07T00:00:00Z"", ""2010-03-14T00:00:00Z"", ""2010-03-21T00:00:00Z"", ""2010-03-28T00:00:00Z"", ""2010-04-04T00:00:00Z"", ""2010-04-11T00:00:00Z"", ""2010-04-18T00:00:00Z"", ""2010-04-25T00:00:00Z"", ""2010-05-02T00:00:00Z"", ""2010-05-09T00:00:00Z"", ""2010-05-16T00:00:00Z"", ""2010-05-23T00:00:00Z"", ""2010-05-30T00:00:00Z"", ""2010-06-06T00:00:00Z"", ""2010-06-13T00:00:00Z"", ""2010-06-20T00:00:00Z"", ""2010-06-27T00:00:00Z"", ""2010-07-04T00:00:00Z"", ""2010-07-11T00:00:00Z"", ""2010-07-18T00:00:00Z"", ""2010-07-25T00:00:00Z"", ""2010-08-01T00:00:00Z"", ""2010-08-08T00:00:00Z"", ""2010-08-15T00:00:00Z"", ""2010-08-22T00:00:00Z"", ""2010-08-29T00:00:00Z"", ""2010-09-05T00:00:00Z"", ""2010-09-12T00:00:00Z"", ""2010-09-19T00:00:00Z"", ""2010-09-26T00:00:00Z"", ""2010-10-03T00:00:00Z"", ""2010-10-10T00:00:00Z"", ""2010-10-17T00:00:00Z"", ""2010-10-24T00:00:00Z"", ""2010-10-31T00:00:00Z"", ""2010-11-07T00:00:00Z"", ""2010-11-14T00:00:00Z"", ""2010-11-21T00:00:00Z"", ""2010-11-28T00:00:00Z"", ""2010-12-05T00:00:00Z"", ""2010-12-12T00:00:00Z"", ""2010-12-19T00:00:00Z"", ""2010-12-26T00:00:00Z"", ""2011-01-02T00:00:00Z"", ""2011-01-09T00:00:00Z"", ""2011-01-16T00:00:00Z"", ""2011-01-23T00:00:00Z"", ""2011-01-30T00:00:00Z"", ""2011-02-06T00:00:00Z"", ""2011-02-13T00:00:00Z"", ""2011-02-20T00:00:00Z"", ""2011-02-27T00:00:00Z"", ""2011-03-06T00:00:00Z"", ""2011-03-13T00:00:00Z"", ""2011-03-20T00:00:00Z"", ""2011-03-27T00:00:00Z"", ""2011-04-03T00:00:00Z"", ""2011-04-10T00:00:00Z"", ""2011-04-17T00:00:00Z"", ""2011-04-24T00:00:00Z"", ""2011-05-01T00:00:00Z"", ""2011-05-08T00:00:00Z"", ""2011-05-15T00:00:00Z"", ""2011-05-22T00:00:00Z"", ""2011-05-29T00:00:00Z"", ""2011-06-05T00:00:00Z"", ""2011-06-12T00:00:00Z"", ""2011-06-19T00:00:00Z"", ""2011-06-26T00:00:00Z"", ""2011-07-03T00:00:00Z"", ""2011-07-10T00:00:00Z"", ""2011-07-17T00:00:00Z"", ""2011-07-24T00:00:00Z"", ""2011-07-31T00:00:00Z"", ""2011-08-07T00:00:00Z"", ""2011-08-14T00:00:00Z"", ""2011-08-21T00:00:00Z"", ""2011-08-28T00:00:00Z"", ""2011-09-04T00:00:00Z"", ""2011-09-11T00:00:00Z"", ""2011-09-18T00:00:00Z"", ""2011-09-25T00:00:00Z"", ""2011-10-02T00:00:00Z"", ""2011-10-09T00:00:00Z"", ""2011-10-16T00:00:00Z"", ""2011-10-23T00:00:00Z"", ""2011-10-30T00:00:00Z"", ""2011-11-06T00:00:00Z"", ""2011-11-13T00:00:00Z"", ""2011-11-20T00:00:00Z"", ""2011-11-27T00:00:00Z"", ""2011-12-04T00:00:00Z""]","[6468.0, 3400.0, 2465.0, 10559.0, 7937.0, 13038.0, 7879.0, 2465.0, 14839.0, 4590.0, 2416.0, 25507.0, 3238.0, 3627.0, 11748.0, 37458.0, 5813.0, 6224.0, 4296.0, 7703.0, 3469.0, 2095.0, 17146.0, 3158.0, 42121.0, 1520.0, 3371.0, 2575.0, 58009.0, 5245.0, 4466.0, 2187.0, 8912.0, 8820.0, 5257.0, 91345.0, 5539.0, 2984.0, 5945.0, 8035.0, 40966.0, 4409.0, 3868.0, 7615.0, 27421.0, 8066.0, 2246.0, 1146.0, 0.0, 3533.0, 5074.0, 76836.0, 2460.0, 4509.0, 1755.0, 1571.0, 1601.0, 2520.0, 19887.0, 1313.0, 6479.0, 4205.0, 7495.0, 2512.0, 9905.0, 1962.0, 3313.0, 7036.0, 3008.0, 5455.0, 1311.0, 6107.0, 33277.0, 8632.0, 4070.0, 2482.0, 5046.0, 5969.0, 2460.0, 6715.0, 1374.0, 3377.0, 1198.0, 14435.0, 2334.0, 6367.0, 5033.0, 3588.0, 15164.0, 14131.0, 2232.0, 9810.0, 20052.0, 8347.0, 8218.0, 8268.0, 5419.0]"
sales units lag 1,units,"[""2010-01-31T00:00:00Z"", ""2010-02-07T00:00:00Z"", ""2010-02-14T00:00:00Z"", ""2010-02-21T00:00:00Z"", ""2010-02-28T00:00:00Z"", ""2010-03-07T00:00:00Z"", ""2010-03-14T00:00:00Z"", ""2010-03-21T00:00:00Z"", ""2010-03-28T00:00:00Z"", ""2010-04-04T00:00:00Z"", ""2010-04-11T00:00:00Z"", ""2010-04-18T00:00:00Z"", ""2010-04-25T00:00:00Z"", ""2010-05-02T00:00:00Z"", ""2010-05-09T00:00:00Z"", ""2010-05-16T00:00:00Z"", ""2010-05-23T00:00:00Z"", ""2010-05-30T00:00:00Z"", ""2010-06-06T00:00:00Z"", ""2010-06-13T00:00:00Z"", ""2010-06-20T00:00:00Z"", ""2010-06-27T00:00:00Z"", ""2010-07-04T00:00:00Z"", ""2010-07-11T00:00:00Z"", ""2010-07-18T00:00:00Z"", ""2010-07-25T00:00:00Z"", ""2010-08-01T00:00:00Z"", ""2010-08-08T00:00:00Z"", ""2010-08-15T00:00:00Z"", ""2010-08-22T00:00:00Z"", ""2010-08-29T00:00:00Z"", ""2010-09-05T00:00:00Z"", ""2010-09-12T00:00:00Z"", ""2010-09-19T00:00:00Z"", ""2010-09-26T00:00:00Z"", ""2010-10-03T00:00:00Z"", ""2010-10-10T00:00:00Z"", ""2010-10-17T00:00:00Z"", ""2010-10-24T00:00:00Z"", ""2010-10-31T00:00:00Z"", ""2010-11-07T00:00:00Z"", ""2010-11-14T00:00:00Z"", ""2010-11-21T00:00:00Z"", ""2010-11-28T00:00:00Z"", ""2010-12-05T00:00:00Z"", ""2010-12-12T00:00:00Z"", ""2010-12-19T00:00:00Z"", ""2010-12-26T00:00:00Z"", ""2011-01-02T00:00:00Z"", ""2011-01-09T00:00:00Z"", ""2011-01-16T00:00:00Z"", ""2011-01-23T00:00:00Z"", ""2011-01-30T00:00:00Z"", ""2011-02-06T00:00:00Z"", ""2011-02-13T00:00:00Z"", ""2011-02-20T00:00:00Z"", ""2011-02-27T00:00:00Z"", ""2011-03-06T00:00:00Z"", ""2011-03-13T00:00:00Z"", ""2011-03-20T00:00:00Z"", ""2011-03-27T00:00:00Z"", ""2011-04-03T00:00:00Z"", ""2011-04-10T00:00:00Z"", ""2011-04-17T00:00:00Z"", ""2011-04-24T00:00:00Z"", ""2011-05-01T00:00:00Z"", ""2011-05-08T00:00:00Z"", ""2011-05-15T00:00:00Z"", ""2011-05-22T00:00:00Z"", ""2011-05-29T00:00:00Z"", ""2011-06-05T00:00:00Z"", ""2011-06-12T00:00:00Z"", ""2011-06-19T00:00:00Z"", ""2011-06-26T00:00:00Z"", ""2011-07-03T00:00:00Z"", ""2011-07-10T00:00:00Z"", ""2011-07-17T00:00:00Z"", ""2011-07-24T00:00:00Z"", ""2011-07-31T00:00:00Z"", ""2011-08-07T00:00:00Z"", ""2011-08-14T00:00:00Z"", ""2011-08-21T00:00:00Z"", ""2011-08-28T00:00:00Z"", ""2011-09-04T00:00:00Z"", ""2011-09-11T00:00:00Z"", ""2011-09-18T00:00:00Z"", ""2011-09-25T00:00:00Z"", ""2011-10-02T00:00:00Z"", ""2011-10-09T00:00:00Z"", ""2011-10-16T00:00:00Z"", ""2011-10-23T00:00:00Z"", ""2011-10-30T00:00:00Z"", ""2011-11-06T00:00:00Z"", ""2011-11-13T00:00:00Z"", ""2011-11-20T00:00:00Z"", ""2011-11-27T00:00:00Z"", ""2011-12-04T00:00:00Z""]","[136937.0, 84376.0, 65461.0, 51633.0, 181298.0, 94371.0, 102725.0, 78221.0, 156809.0, 135720.0, 75843.0, 84317.0, 94097.0, 89695.0, 107810.0, 98146.0, 123062.0, 91423.0, 106410.0, 61165.0, 124165.0, 83473.0, 68807.0, 108566.0, 75884.0, 104490.0, 83113.0, 75234.0, 120966.0, 183640.0, 110143.0, 83920.0, 87893.0, 75737.0, 106764.0, 141606.0, 239696.0, 164739.0, 174136.0, 128646.0, 113663.0, 166445.0, 180271.0, 171625.0, 148579.0, 249339.0, 214100.0, 107692.0, 40418.0, 0.0, 77024.0, 90700.0, 144805.0, 71772.0, 72122.0, 51776.0, 81618.0, 84597.0, 69750.0, 73951.0, 88041.0, 78715.0, 108733.0, 68991.0, 87540.0, 82760.0, 52461.0, 78600.0, 110052.0, 108836.0, 86355.0, 58602.0, 102411.0, 103806.0, 75359.0, 76852.0, 93986.0, 84788.0, 110454.0, 107381.0, 103218.0, 99599.0, 100193.0, 98695.0, 81088.0, 111154.0, 123260.0, 170103.0, 121507.0, 173640.0, 118797.0, 153043.0, 153083.0, 160843.0, 185344.0, 187434.0, 170836.0]"
sales value lag 1,GBP,"[""2010-01-31T00:00:00Z"", ""2010-02-07T00:00:00Z"", ""2010-02-14T00:00:00Z"", ""2010-02-21T00:00:00Z"", ""2010-02-28T00:00:00Z"", ""2010-03-07T00:00:00Z"", ""2010-03-14T00:00:00Z"", ""2010-03-21T00:00:00Z"", ""2010-03-28T00:00:00Z"", ""2010-04-04T00:00:00Z"", ""2010-04-11T00:00:00Z"", ""2010-04-18T00:00:00Z"", ""2010-04-25T00:00:00Z"", ""2010-05-02T00:00:00Z"", ""2010-05-09T00:00:00Z"", ""2010-05-16T00:00:00Z"", ""2010-05-23T00:00:00Z"", ""2010-05-30T00:00:00Z"", ""2010-06-06T00:00:00Z"", ""2010-06-13T00:00:00Z"", ""2010-06-20T00:00:00Z"", ""2010-06-27T00:00:00Z"", ""2010-07-04T00:00:00Z"", ""2010-07-11T00:00:00Z"", ""2010-07-18T00:00:00Z"", ""2010-07-25T00:00:00Z"", ""2010-08-01T00:00:00Z"", ""2010-08-08T00:00:00Z"", ""2010-08-15T00:00:00Z"", ""2010-08-22T00:00:00Z"", ""2010-08-29T00:00:00Z"", ""2010-09-05T00:00:00Z"", ""2010-09-12T00:00:00Z"", ""2010-09-19T00:00:00Z"", ""2010-09-26T00:00:00Z"", ""2010-10-03T00:00:00Z"", ""2010-10-10T00:00:00Z"", ""2010-10-17T00:00:00Z"", ""2010-10-24T00:00:00Z"", ""2010-10-31T00:00:00Z"", ""2010-11-07T00:00:00Z"", ""2010-11-14T00:00:00Z"", ""2010-11-21T00:00:00Z"", ""2010-11-28T00:00:00Z"", ""2010-12-05T00:00:00Z"", ""2010-12-12T00:00:00Z"", ""2010-12-19T00:00:00Z"", ""2010-12-26T00:00:00Z"", ""2011-01-02T00:00:00Z"", ""2011-01-09T00:00:00Z"", ""2011-01-16T00:00:00Z"", ""2011-01-23T00:00:00Z"", ""2011-01-30T00:00:00Z"", ""2011-02-06T00:00:00Z"", ""2011-02-13T00:00:00Z"", ""2011-02-20T00:00:00Z"", ""2011-02-27T00:00:00Z"", ""2011-03-06T00:00:00Z"", ""2011-03-13T00:00:00Z"", ""2011-03-20T00:00:00Z"", ""2011-03-27T00:00:00Z"", ""2011-04-03T00:00:00Z"", ""2011-04-10T00:00:00Z"", ""2011-04-17T00:00:00Z"", ""2011-04-24T00:00:00Z"", ""2011-05-01T00:00:00Z"", ""2011-05-08T00:00:00Z"", ""2011-05-15T00:00:00Z"", ""2011-05-22T00:00:00Z"", ""2011-05-29T00:00:00Z"", ""2011-06-05T00:00:00Z"", ""2011-06-12T00:00:00Z"", ""2011-06-19T00:00:00Z"", ""2011-06-26T00:00:00Z"", ""2011-07-03T00:00:00Z"", ""2011-07-10T00:00:00Z"", ""2011-07-17T00:00:00Z"", ""2011-07-24T00:00:00Z"", ""2011-07-31T00:00:00Z"", ""2011-08-07T00:00:00Z"", ""2011-08-14T00:00:00Z"", ""2011-08-21T00:00:00Z"", ""2011-08-28T00:00:00Z"", ""2011-09-04T00:00:00Z"", ""2011-09-11T00:00:00Z"", ""2011-09-18T00:00:00Z"", ""2011-09-25T00:00:00Z"", ""2011-10-02T00:00:00Z"", ""2011-10-09T00:00:00Z"", ""2011-10-16T00:00:00Z"", ""2011-10-23T00:00:00Z"", ""2011-10-30T00:00:00Z"", ""2011-11-06T00:00:00Z"", ""2011-11-13T00:00:00Z"", ""2011-11-20T00:00:00Z"", ""2011-11-27T00:00:00Z"", ""2011-12-04T00:00:00Z""]","[154221.301, 165967.371, 125037.642, 91110.61, 175148.652, 162416.402, 166425.13, 142176.34, 190300.321, 206384.23, 159107.26, 138649.69, 153734.501, 180978.49, 136116.631, 164442.24, 171619.31, 150996.95, 160432.53, 108579.82, 220415.75, 172392.97, 127041.53, 181541.81, 154082.18, 159283.44, 103982.99, 162355.09, 131419.35, 180134.31999999998, 169884.73, 149147.75, 145481.68, 133120.36000000002, 179573.591, 246229.42, 333403.36, 293194.54, 327279.47000000003, 207883.45, 220689.65, 288871.07, 382123.581, 355559.841, 304424.85, 510148.8, 583361.63, 216012.2, 92369.30000000002, 0.0, 133658.19, 193362.04, 215533.18, 125170.79, 125990.68, 107080.7, 143734.46, 148710.78, 132717.55000000002, 135220.53, 161691.62, 149655.47, 192720.48, 134483.88, 149571.68099999998, 141650.98, 86465.08, 146941.6, 211984.26, 215835.32, 166087.12, 118688.68, 220151.72, 190132.24, 135972.61000000002, 139216.16, 177320.48, 137142.63, 202365.54, 182685.091, 170702.36, 168109.02, 176016.97, 164939.43, 154058.24, 192703.67, 230137.26, 338771.791, 211800.221, 319987.39, 228776.18, 276656.42, 260555.63, 301897.83, 370044.97, 388622.44, 316412.16000000003]"
sales units lag 2,units,"[""2010-01-31T00:00:00Z"", ""2010-02-07T00:00:00Z"", ""2010-02-14T00:00:00Z"", ""2010-02-21T00:00:00Z"", ""2010-02-28T00:00:00Z"", ""2010-03-07T00:00:00Z"", ""2010-03-14T00:00:00Z"", ""2010-03-21T00:00:00Z"", ""2010-03-28T00:00:00Z"", ""2010-04-04T00:00:00Z"", ""2010-04-11T00:00:00Z"", ""2010-04-18T00:00:00Z"", ""2010-04-25T00:00:00Z"", ""2010-05-02T00:00:00Z"", ""2010-05-09T00:00:00Z"", ""2010-05-16T00:00:00Z"", ""2010-05-23T00:00:00Z"", ""2010-05-30T00:00:00Z"", ""2010-06-06T00:00:00Z"", ""2010-06-13T00:00:00Z"", ""2010-06-20T00:00:00Z"", ""2010-06-27T00:00:00Z"", ""2010-07-04T00:00:00Z"", ""2010-07-11T00:00:00Z"", ""2010-07-18T00:00:00Z"", ""2010-07-25T00:00:00Z"", ""2010-08-01T00:00:00Z"", ""2010-08-08T00:00:00Z"", ""2010-08-15T00:00:00Z"", ""2010-08-22T00:00:00Z"", ""2010-08-29T00:00:00Z"", ""2010-09-05T00:00:00Z"", ""2010-09-12T00:00:00Z"", ""2010-09-19T00:00:00Z"", ""2010-09-26T00:00:00Z"", ""2010-10-03T00:00:00Z"", ""2010-10-10T00:00:00Z"", ""2010-10-17T00:00:00Z"", ""2010-10-24T00:00:00Z"", ""2010-10-31T00:00:00Z"", ""2010-11-07T00:00:00Z"", ""2010-11-14T00:00:00Z"", ""2010-11-21T00:00:00Z"", ""2010-11-28T00:00:00Z"", ""2010-12-05T00:00:00Z"", ""2010-12-12T00:00:00Z"", ""2010-12-19T00:00:00Z"", ""2010-12-26T00:00:00Z"", ""2011-01-02T00:00:00Z"", ""2011-01-09T00:00:00Z"", ""2011-01-16T00:00:00Z"", ""2011-01-23T00:00:00Z"", ""2011-01-30T00:00:00Z"", ""2011-02-06T00:00:00Z"", ""2011-02-13T00:00:00Z"", ""2011-02-20T00:00:00Z"", ""2011-02-27T00:00:00Z"", ""2011-03-06T00:00:00Z"", ""2011-03-13T00:00:00Z"", ""2011-03-20T00:00:00Z"", ""2011-03-27T00:00:00Z"", ""2011-04-03T00:00:00Z"", ""2011-04-10T00:00:00Z"", ""2011-04-17T00:00:00Z"", ""2011-04-24T00:00:00Z"", ""2011-05-01T00:00:00Z"", ""2011-05-08T00:00:00Z"", ""2011-05-15T00:00:00Z"", ""2011-05-22T00:00:00Z"", ""2011-05-29T00:00:00Z"", ""2011-06-05T00:00:00Z"", ""2011-06-12T00:00:00Z"", ""2011-06-19T00:00:00Z"", ""2011-06-26T00:00:00Z"", ""2011-07-03T00:00:00Z"", ""2011-07-10T00:00:00Z"", ""2011-07-17T00:00:00Z"", ""2011-07-24T00:00:00Z"", ""2011-07-31T00:00:00Z"", ""2011-08-07T00:00:00Z"", ""2011-08-14T00:00:00Z"", ""2011-08-21T00:00:00Z"", ""2011-08-28T00:00:00Z"", ""2011-09-04T00:00:00Z"", ""2011-09-11T00:00:00Z"", ""2011-09-18T00:00:00Z"", ""2011-09-25T00:00:00Z"", ""2011-10-02T00:00:00Z"", ""2011-10-09T00:00:00Z"", ""2011-10-16T00:00:00Z"", ""2011-10-23T00:00:00Z"", ""2011-10-30T00:00:00Z"", ""2011-11-06T00:00:00Z"", ""2011-11-13T00:00:00Z"", ""2011-11-20T00:00:00Z"", ""2011-11-27T00:00:00Z"", ""2011-12-04T00:00:00Z""]","[77954.0, 136937.0, 84376.0, 65461.0, 51633.0, 181298.0, 94371.0, 102725.0, 78221.0, 156809.0, 135720.0, 75843.0, 84317.0, 94097.0, 89695.0, 107810.0, 98146.0, 123062.0, 91423.0, 106410.0, 61165.0, 124165.0, 83473.0, 68807.0, 108566.0, 75884.0, 104490.0, 83113.0, 75234.0, 120966.0, 183640.0, 110143.0, 83920.0, 87893.0, 75737.0, 106764.0, 141606.0, 239696.0, 164739.0, 174136.0, 128646.0, 113663.0, 166445.0, 180271.0, 171625.0, 148579.0, 249339.0, 214100.0, 107692.0, 40418.0, 0.0, 77024.0, 90700.0, 144805.0, 71772.0, 72122.0, 51776.0, 81618.0, 84597.0, 69750.0, 73951.0, 88041.0, 78715.0, 108733.0, 68991.0, 87540.0, 82760.0, 52461.0, 78600.0, 110052.0, 108836.0, 86355.0, 58602.0, 102411.0, 103806.0, 75359.0, 76852.0, 93986.0, 84788.0, 110454.0, 107381.0, 103218.0, 99599.0, 100193.0, 98695.0, 81088.0, 111154.0, 123260.0, 170103.0, 121507.0, 173640.0, 118797.0, 153043.0, 153083.0, 160843.0, 185344.0, 187434.0]"
sales value lag 2,GBP,"[""2010-01-31T00:00:00Z"", ""2010-02-07T00:00:00Z"", ""2010-02-14T00:00:00Z"", ""2010-02-21T00:00:00Z"", ""2010-02-28T00:00:00Z"", ""2010-03-07T00:00:00Z"", ""2010-03-14T00:00:00Z"", ""2010-03-21T00:00:00Z"", ""2010-03-28T00:00:00Z"", ""2010-04-04T00:00:00Z"", ""2010-04-11T00:00:00Z"", ""2010-04-18T00:00:00Z"", ""2010-04-25T00:00:00Z"", ""2010-05-02T00:00:00Z"", ""2010-05-09T00:00:00Z"", ""2010-05-16T00:00:00Z"", ""2010-05-23T00:00:00Z"", ""2010-05-30T00:00:00Z"", ""2010-06-06T00:00:00Z"", ""2010-06-13T00:00:00Z"", ""2010-06-20T00:00:00Z"", ""2010-06-27T00:00:00Z"", ""2010-07-04T00:00:00Z"", ""2010-07-11T00:00:00Z"", ""2010-07-18T00:00:00Z"", ""2010-07-25T00:00:00Z"", ""2010-08-01T00:00:00Z"", ""2010-08-08T00:00:00Z"", ""2010-08-15T00:00:00Z"", ""2010-08-22T00:00:00Z"", ""2010-08-29T00:00:00Z"", ""2010-09-05T00:00:00Z"", ""2010-09-12T00:00:00Z"", ""2010-09-19T00:00:00Z"", ""2010-09-26T00:00:00Z"", ""2010-10-03T00:00:00Z"", ""2010-10-10T00:00:00Z"", ""2010-10-17T00:00:00Z"", ""2010-10-24T00:00:00Z"", ""2010-10-31T00:00:00Z"", ""2010-11-07T00:00:00Z"", ""2010-11-14T00:00:00Z"", ""2010-11-21T00:00:00Z"", ""2010-11-28T00:00:00Z"", ""2010-12-05T00:00:00Z"", ""2010-12-12T00:00:00Z"", ""2010-12-19T00:00:00Z"", ""2010-12-26T00:00:00Z"", ""2011-01-02T00:00:00Z"", ""2011-01-09T00:00:00Z"", ""2011-01-16T00:00:00Z"", ""2011-01-23T00:00:00Z"", ""2011-01-30T00:00:00Z"", ""2011-02-06T00:00:00Z"", ""2011-02-13T00:00:00Z"", ""2011-02-20T00:00:00Z"", ""2011-02-27T00:00:00Z"", ""2011-03-06T00:00:00Z"", ""2011-03-13T00:00:00Z"", ""2011-03-20T00:00:00Z"", ""2011-03-27T00:00:00Z"", ""2011-04-03T00:00:00Z"", ""2011-04-10T00:00:00Z"", ""2011-04-17T00:00:00Z"", ""2011-04-24T00:00:00Z"", ""2011-05-01T00:00:00Z"", ""2011-05-08T00:00:00Z"", ""2011-05-15T00:00:00Z"", ""2011-05-22T00:00:00Z"", ""2011-05-29T00:00:00Z"", ""2011-06-05T00:00:00Z"", ""2011-06-12T00:00:00Z"", ""2011-06-19T00:00:00Z"", ""2011-06-26T00:00:00Z"", ""2011-07-03T00:00:00Z"", ""2011-07-10T00:00:00Z"", ""2011-07-17T00:00:00Z"", ""2011-07-24T00:00:00Z"", ""2011-07-31T00:00:00Z"", ""2011-08-07T00:00:00Z"", ""2011-08-14T00:00:00Z"", ""2011-08-21T00:00:00Z"", ""2011-08-28T00:00:00Z"", ""2011-09-04T00:00:00Z"", ""2011-09-11T00:00:00Z"", ""2011-09-18T00:00:00Z"", ""2011-09-25T00:00:00Z"", ""2011-10-02T00:00:00Z"", ""2011-10-09T00:00:00Z"", ""2011-10-16T00:00:00Z"", ""2011-10-23T00:00:00Z"", ""2011-10-30T00:00:00Z"", ""2011-11-06T00:00:00Z"", ""2011-11-13T00:00:00Z"", ""2011-11-20T00:00:00Z"", ""2011-11-27T00:00:00Z"", ""2011-12-04T00:00:00Z""]","[163999.72, 154221.301, 165967.371, 125037.642, 91110.61, 175148.652, 162416.402, 166425.13, 142176.34, 190300.321, 206384.23, 159107.26, 138649.69, 153734.501, 180978.49, 136116.631, 164442.24, 171619.31, 150996.95, 160432.53, 108579.82, 220415.75, 172392.97, 127041.53, 181541.81, 154082.18, 159283.44, 103982.99, 162355.09, 131419.35, 180134.31999999998, 169884.73, 149147.75, 145481.68, 133120.36000000002, 179573.591, 246229.42, 333403.36, 293194.54, 327279.47000000003, 207883.45, 220689.65, 288871.07, 382123.581, 355559.841, 304424.85, 510148.8, 583361.63, 216012.2, 92369.30000000002, 0.0, 133658.19, 193362.04, 215533.18, 125170.79, 125990.68, 107080.7, 143734.46, 148710.78, 132717.55000000002, 135220.53, 161691.62, 149655.47, 192720.48, 134483.88, 149571.68099999998, 141650.98, 86465.08, 146941.6, 211984.26, 215835.32, 166087.12, 118688.68, 220151.72, 190132.24, 135972.61000000002, 139216.16, 177320.48, 137142.63, 202365.54, 182685.091, 170702.36, 168109.02, 176016.97, 164939.43, 154058.24, 192703.67, 230137.26, 338771.791, 211800.221, 319987.39, 228776.18, 276656.42, 260555.63, 301897.83, 370044.97, 388622.44]"
sales units lag 4,units,"[""2010-01-31T00:00:00Z"", ""2010-02-07T00:00:00Z"", ""2010-02-14T00:00:00Z"", ""2010-02-21T00:00:00Z"", ""2010-02-28T00:00:00Z"", ""2010-03-07T00:00:00Z"", ""2010-03-14T00:00:00Z"", ""2010-03-21T00:00:00Z"", ""2010-03-28T00:00:00Z"", ""2010-04-04T00:00:00Z"", ""2010-04-11T00:00:00Z"", ""2010-04-18T00:00:00Z"", ""2010-04-25T00:00:00Z"", ""2010-05-02T00:00:00Z"", ""2010-05-09T00:00:00Z"", ""2010-05-16T00:00:00Z"", ""2010-05-23T00:00:00Z"", ""2010-05-30T00:00:00Z"", ""2010-06-06T00:00:00Z"", ""2010-06-13T00:00:00Z"", ""2010-06-20T00:00:00Z"", ""2010-06-27T00:00:00Z"", ""2010-07-04T00:00:00Z"", ""2010-07-11T00:00:00Z"", ""2010-07-18T00:00:00Z"", ""2010-07-25T00:00:00Z"", ""2010-08-01T00:00:00Z"", ""2010-08-08T00:00:00Z"", ""2010-08-15T00:00:00Z"", ""2010-08-22T00:00:00Z"", ""2010-08-29T00:00:00Z"", ""2010-09-05T00:00:00Z"", ""2010-09-12T00:00:00Z"", ""2010-09-19T00:00:00Z"", ""2010-09-26T00:00:00Z"", ""2010-10-03T00:00:00Z"", ""2010-10-10T00:00:00Z"", ""2010-10-17T00:00:00Z"", ""2010-10-24T00:00:00Z"", ""2010-10-31T00:00:00Z"", ""2010-11-07T00:00:00Z"", ""2010-11-14T00:00:00Z"", ""2010-11-21T00:00:00Z"", ""2010-11-28T00:00:00Z"", ""2010-12-05T00:00:00Z"", ""2010-12-12T00:00:00Z"", ""2010-12-19T00:00:00Z"", ""2010-12-26T00:00:00Z"", ""2011-01-02T00:00:00Z"", ""2011-01-09T00:00:00Z"", ""2011-01-16T00:00:00Z"", ""2011-01-23T00:00:00Z"", ""2011-01-30T00:00:00Z"", ""2011-02-06T00:00:00Z"", ""2011-02-13T00:00:00Z"", ""2011-02-20T00:00:00Z"", ""2011-02-27T00:00:00Z"", ""2011-03-06T00:00:00Z"", ""2011-03-13T00:00:00Z"", ""2011-03-20T00:00:00Z"", ""2011-03-27T00:00:00Z"", ""2011-04-03T00:00:00Z"", ""2011-04-10T00:00:00Z"", ""2011-04-17T00:00:00Z"", ""2011-04-24T00:00:00Z"", ""2011-05-01T00:00:00Z"", ""2011-05-08T00:00:00Z"", ""2011-05-15T00:00:00Z"", ""2011-05-22T00:00:00Z"", ""2011-05-29T00:00:00Z"", ""2011-06-05T00:00:00Z"", ""2011-06-12T00:00:00Z"", ""2011-06-19T00:00:00Z"", ""2011-06-26T00:00:00Z"", ""2011-07-03T00:00:00Z"", ""2011-07-10T00:00:00Z"", ""2011-07-17T00:00:00Z"", ""2011-07-24T00:00:00Z"", ""2011-07-31T00:00:00Z"", ""2011-08-07T00:00:00Z"", ""2011-08-14T00:00:00Z"", ""2011-08-21T00:00:00Z"", ""2011-08-28T00:00:00Z"", ""2011-09-04T00:00:00Z"", ""2011-09-11T00:00:00Z"", ""2011-09-18T00:00:00Z"", ""2011-09-25T00:00:00Z"", ""2011-10-02T00:00:00Z"", ""2011-10-09T00:00:00Z"", ""2011-10-16T00:00:00Z"", ""2011-10-23T00:00:00Z"", ""2011-10-30T00:00:00Z"", ""2011-11-06T00:00:00Z"", ""2011-11-13T00:00:00Z"", ""2011-11-20T00:00:00Z"", ""2011-11-27T00:00:00Z"", ""2011-12-04T00:00:00Z""]","[0.0, 96820.0, 77954.0, 136937.0, 84376.0, 65461.0, 51633.0, 181298.0, 94371.0, 102725.0, 78221.0, 156809.0, 135720.0, 75843.0, 84317.0, 94097.0, 89695.0, 107810.0, 98146.0, 123062.0, 91423.0, 106410.0, 61165.0, 124165.0, 83473.0, 68807.0, 108566.0, 75884.0, 104490.0, 83113.0, 75234.0, 120966.0, 183640.0, 110143.0, 83920.0, 87893.0, 75737.0, 106764.0, 141606.0, 239696.0, 164739.0, 174136.0, 128646.0, 113663.0, 166445.0, 180271.0, 171625.0, 148579.0, 249339.0, 214100.0, 107692.0, 40418.0, 0.0, 77024.0, 90700.0, 144805.0, 71772.0, 72122.0, 51776.0, 81618.0, 84597.0, 69750.0, 73951.0, 88041.0, 78715.0, 108733.0, 68991.0, 87540.0, 82760.0, 52461.0, 78600.0, 110052.0, 108836.0, 86355.0, 58602.0, 102411.0, 103806.0, 75359.0, 76852.0, 93986.0, 84788.0, 110454.0, 107381.0, 103218.0, 99599.0, 100193.0, 98695.0, 81088.0, 111154.0, 123260.0, 170103.0, 121507.0, 173640.0, 118797.0, 153043.0, 153083.0, 160843.0]"
sales value lag 4,GBP,"[""2010-01-31T00:00:00Z"", ""2010-02-07T00:00:00Z"", ""2010-02-14T00:00:00Z"", ""2010-02-21T00:00:00Z"", ""2010-02-28T00:00:00Z"", ""2010-03-07T00:00:00Z"", ""2010-03-14T00:00:00Z"", ""2010-03-21T00:00:00Z"", ""2010-03-28T00:00:00Z"", ""2010-04-04T00:00:00Z"", ""2010-04-11T00:00:00Z"", ""2010-04-18T00:00:00Z"", ""2010-04-25T00:00:00Z"", ""2010-05-02T00:00:00Z"", ""2010-05-09T00:00:00Z"", ""2010-05-16T00:00:00Z"", ""2010-05-23T00:00:00Z"", ""2010-05-30T00:00:00Z"", ""2010-06-06T00:00:00Z"", ""2010-06-13T00:00:00Z"", ""2010-06-20T00:00:00Z"", ""2010-06-27T00:00:00Z"", ""2010-07-04T00:00:00Z"", ""2010-07-11T00:00:00Z"", ""2010-07-18T00:00:00Z"", ""2010-07-25T00:00:00Z"", ""2010-08-01T00:00:00Z"", ""2010-08-08T00:00:00Z"", ""2010-08-15T00:00:00Z"", ""2010-08-22T00:00:00Z"", ""2010-08-29T00:00:00Z"", ""2010-09-05T00:00:00Z"", ""2010-09-12T00:00:00Z"", ""2010-09-19T00:00:00Z"", ""2010-09-26T00:00:00Z"", ""2010-10-03T00:00:00Z"", ""2010-10-10T00:00:00Z"", ""2010-10-17T00:00:00Z"", ""2010-10-24T00:00:00Z"", ""2010-10-31T00:00:00Z"", ""2010-11-07T00:00:00Z"", ""2010-11-14T00:00:00Z"", ""2010-11-21T00:00:00Z"", ""2010-11-28T00:00:00Z"", ""2010-12-05T00:00:00Z"", ""2010-12-12T00:00:00Z"", ""2010-12-19T00:00:00Z"", ""2010-12-26T00:00:00Z"", ""2011-01-02T00:00:00Z"", ""2011-01-09T00:00:00Z"", ""2011-01-16T00:00:00Z"", ""2011-01-23T00:00:00Z"", ""2011-01-30T00:00:00Z"", ""2011-02-06T00:00:00Z"", ""2011-02-13T00:00:00Z"", ""2011-02-20T00:00:00Z"", ""2011-02-27T00:00:00Z"", ""2011-03-06T00:00:00Z"", ""2011-03-13T00:00:00Z"", ""2011-03-20T00:00:00Z"", ""2011-03-27T00:00:00Z"", ""2011-04-03T00:00:00Z"", ""2011-04-10T00:00:00Z"", ""2011-04-17T00:00:00Z"", ""2011-04-24T00:00:00Z"", ""2011-05-01T00:00:00Z"", ""2011-05-08T00:00:00Z"", ""2011-05-15T00:00:00Z"", ""2011-05-22T00:00:00Z"", ""2011-05-29T00:00:00Z"", ""2011-06-05T00:00:00Z"", ""2011-06-12T00:00:00Z"", ""2011-06-19T00:00:00Z"", ""2011-06-26T00:00:00Z"", ""2011-07-03T00:00:00Z"", ""2011-07-10T00:00:00Z"", ""2011-07-17T00:00:00Z"", ""2011-07-24T00:00:00Z"", ""2011-07-31T00:00:00Z"", ""2011-08-07T00:00:00Z"", ""2011-08-14T00:00:00Z"", ""2011-08-21T00:00:00Z"", ""2011-08-28T00:00:00Z"", ""2011-09-04T00:00:00Z"", ""2011-09-11T00:00:00Z"", ""2011-09-18T00:00:00Z"", ""2011-09-25T00:00:00Z"", ""2011-10-02T00:00:00Z"", ""2011-10-09T00:00:00Z"", ""2011-10-16T00:00:00Z"", ""2011-10-23T00:00:00Z"", ""2011-10-30T00:00:00Z"", ""2011-11-06T00:00:00Z"", ""2011-11-13T00:00:00Z"", ""2011-11-20T00:00:00Z"", ""2011-11-27T00:00:00Z"", ""2011-12-04T00:00:00Z""]","[0.0, 168520.11000000002, 163999.72, 154221.301, 165967.371, 125037.642, 91110.61, 175148.652, 162416.402, 166425.13, 142176.34, 190300.321, 206384.23, 159107.26, 138649.69, 153734.501, 180978.49, 136116.631, 164442.24, 171619.31, 150996.95, 160432.53, 108579.82, 220415.75, 172392.97, 127041.53, 181541.81, 154082.18, 159283.44, 103982.99, 162355.09, 131419.35, 180134.31999999998, 169884.73, 149147.75, 145481.68, 133120.36000000002, 179573.591, 246229.42, 333403.36, 293194.54, 327279.47000000003, 207883.45, 220689.65, 288871.07, 382123.581, 355559.841, 304424.85, 510148.8, 583361.63, 216012.2, 92369.30000000002, 0.0, 133658.19, 193362.04, 215533.18, 125170.79, 125990.68, 107080.7, 143734.46, 148710.78, 132717.55000000002, 135220.53, 161691.62, 149655.47, 192720.48, 134483.88, 149571.68099999998, 141650.98, 86465.08, 146941.6, 211984.26, 215835.32, 166087.12, 118688.68, 220151.72, 190132.24, 135972.61000000002, 139216.16, 177320.48, 137142.63, 202365.54, 182685.091, 170702.36, 168109.02, 176016.97, 164939.43, 154058.24, 192703.67, 230137.26, 338771.791, 211800.221, 319987.39, 228776.18, 276656.42, 260555.63, 301897.83]"
sales units lag 8,units,"[""2010-01-31T00:00:00Z"", ""2010-02-07T00:00:00Z"", ""2010-02-14T00:00:00Z"", ""2010-02-21T00:00:00Z"", ""2010-02-28T00:00:00Z"", ""2010-03-07T00:00:00Z"", ""2010-03-14T00:00:00Z"", ""2010-03-21T00:00:00Z"", ""2010-03-28T00:00:00Z"", ""2010-04-04T00:00:00Z"", ""2010-04-11T00:00:00Z"", ""2010-04-18T00:00:00Z"", ""2010-04-25T00:00:00Z"", ""2010-05-02T00:00:00Z"", ""2010-05-09T00:00:00Z"", ""2010-05-16T00:00:00Z"", ""2010-05-23T00:00:00Z"", ""2010-05-30T00:00:00Z"", ""2010-06-06T00:00:00Z"", ""2010-06-13T00:00:00Z"", ""2010-06-20T00:00:00Z"", ""2010-06-27T00:00:00Z"", ""2010-07-04T00:00:00Z"", ""2010-07-11T00:00:00Z"", ""2010-07-18T00:00:00Z"", ""2010-07-25T00:00:00Z"", ""2010-08-01T00:00:00Z"", ""2010-08-08T00:00:00Z"", ""2010-08-15T00:00:00Z"", ""2010-08-22T00:00:00Z"", ""2010-08-29T00:00:00Z"", ""2010-09-05T00:00:00Z"", ""2010-09-12T00:00:00Z"", ""2010-09-19T00:00:00Z"", ""2010-09-26T00:00:00Z"", ""2010-10-03T00:00:00Z"", ""2010-10-10T00:00:00Z"", ""2010-10-17T00:00:00Z"", ""2010-10-24T00:00:00Z"", ""2010-10-31T00:00:00Z"", ""2010-11-07T00:00:00Z"", ""2010-11-14T00:00:00Z"", ""2010-11-21T00:00:00Z"", ""2010-11-28T00:00:00Z"", ""2010-12-05T00:00:00Z"", ""2010-12-12T00:00:00Z"", ""2010-12-19T00:00:00Z"", ""2010-12-26T00:00:00Z"", ""2011-01-02T00:00:00Z"", ""2011-01-09T00:00:00Z"", ""2011-01-16T00:00:00Z"", ""2011-01-23T00:00:00Z"", ""2011-01-30T00:00:00Z"", ""2011-02-06T00:00:00Z"", ""2011-02-13T00:00:00Z"", ""2011-02-20T00:00:00Z"", ""2011-02-27T00:00:00Z"", ""2011-03-06T00:00:00Z"", ""2011-03-13T00:00:00Z"", ""2011-03-20T00:00:00Z"", ""2011-03-27T00:00:00Z"", ""2011-04-03T00:00:00Z"", ""2011-04-10T00:00:00Z"", ""2011-04-17T00:00:00Z"", ""2011-04-24T00:00:00Z"", ""2011-05-01T00:00:00Z"", ""2011-05-08T00:00:00Z"", ""2011-05-15T00:00:00Z"", ""2011-05-22T00:00:00Z"", ""2011-05-29T00:00:00Z"", ""2011-06-05T00:00:00Z"", ""2011-06-12T00:00:00Z"", ""2011-06-19T00:00:00Z"", ""2011-06-26T00:00:00Z"", ""2011-07-03T00:00:00Z"", ""2011-07-10T00:00:00Z"", ""2011-07-17T00:00:00Z"", ""2011-07-24T00:00:00Z"", ""2011-07-31T00:00:00Z"", ""2011-08-07T00:00:00Z"", ""2011-08-14T00:00:00Z"", ""2011-08-21T00:00:00Z"", ""2011-08-28T00:00:00Z"", ""2011-09-04T00:00:00Z"", ""2011-09-11T00:00:00Z"", ""2011-09-18T00:00:00Z"", ""2011-09-25T00:00:00Z"", ""2011-10-02T00:00:00Z"", ""2011-10-09T00:00:00Z"", ""2011-10-16T00:00:00Z"", ""2011-10-23T00:00:00Z"", ""2011-10-30T00:00:00Z"", ""2011-11-06T00:00:00Z"", ""2011-11-13T00:00:00Z"", ""2011-11-20T00:00:00Z"", ""2011-11-27T00:00:00Z"", ""2011-12-04T00:00:00Z""]","[147417.0, 120855.0, 137036.0, 40553.0, 0.0, 96820.0, 77954.0, 136937.0, 84376.0, 65461.0, 51633.0, 181298.0, 94371.0, 102725.0, 78221.0, 156809.0, 135720.0, 75843.0, 84317.0, 94097.0, 89695.0, 107810.0, 98146.0, 123062.0, 91423.0, 106410.0, 61165.0, 124165.0, 83473.0, 68807.0, 108566.0, 75884.0, 104490.0, 83113.0, 75234.0, 120966.0, 183640.0, 110143.0, 83920.0, 87893.0, 75737.0, 106764.0, 141606.0, 239696.0, 164739.0, 174136.0, 128646.0, 113663.0, 166445.0, 180271.0, 171625.0, 148579.0, 249339.0, 214100.0, 107692.0, 40418.0, 0.0, 77024.0, 90700.0, 144805.0, 71772.0, 72122.0, 51776.0, 81618.0, 84597.0, 69750.0, 73951.0, 88041.0, 78715.0, 108733.0, 68991.0, 87540.0, 82760.0, 52461.0, 78600.0, 110052.0, 108836.0, 86355.0, 58602.0, 102411.0, 103806.0, 75359.0, 76852.0, 93986.0, 84788.0, 110454.0, 107381.0, 103218.0, 99599.0, 100193.0, 98695.0, 81088.0, 111154.0, 123260.0, 170103.0, 121507.0, 173640.0]"
sales value lag 8,GBP,"[""2010-01-31T00:00:00Z"", ""2010-02-07T00:00:00Z"", ""2010-02-14T00:00:00Z"", ""2010-02-21T00:00:00Z"", ""2010-02-28T00:00:00Z"", ""2010-03-07T00:00:00Z"", ""2010-03-14T00:00:00Z"", ""2010-03-21T00:00:00Z"", ""2010-03-28T00:00:00Z"", ""2010-04-04T00:00:00Z"", ""2010-04-11T00:00:00Z"", ""2010-04-18T00:00:00Z"", ""2010-04-25T00:00:00Z"", ""2010-05-02T00:00:00Z"", ""2010-05-09T00:00:00Z"", ""2010-05-16T00:00:00Z"", ""2010-05-23T00:00:00Z"", ""2010-05-30T00:00:00Z"", ""2010-06-06T00:00:00Z"", ""2010-06-13T00:00:00Z"", ""2010-06-20T00:00:00Z"", ""2010-06-27T00:00:00Z"", ""2010-07-04T00:00:00Z"", ""2010-07-11T00:00:00Z"", ""2010-07-18T00:00:00Z"", ""2010-07-25T00:00:00Z"", ""2010-08-01T00:00:00Z"", ""2010-08-08T00:00:00Z"", ""2010-08-15T00:00:00Z"", ""2010-08-22T00:00:00Z"", ""2010-08-29T00:00:00Z"", ""2010-09-05T00:00:00Z"", ""2010-09-12T00:00:00Z"", ""2010-09-19T00:00:00Z"", ""2010-09-26T00:00:00Z"", ""2010-10-03T00:00:00Z"", ""2010-10-10T00:00:00Z"", ""2010-10-17T00:00:00Z"", ""2010-10-24T00:00:00Z"", ""2010-10-31T00:00:00Z"", ""2010-11-07T00:00:00Z"", ""2010-11-14T00:00:00Z"", ""2010-11-21T00:00:00Z"", ""2010-11-28T00:00:00Z"", ""2010-12-05T00:00:00Z"", ""2010-12-12T00:00:00Z"", ""2010-12-19T00:00:00Z"", ""2010-12-26T00:00:00Z"", ""2011-01-02T00:00:00Z"", ""2011-01-09T00:00:00Z"", ""2011-01-16T00:00:00Z"", ""2011-01-23T00:00:00Z"", ""2011-01-30T00:00:00Z"", ""2011-02-06T00:00:00Z"", ""2011-02-13T00:00:00Z"", ""2011-02-20T00:00:00Z"", ""2011-02-27T00:00:00Z"", ""2011-03-06T00:00:00Z"", ""2011-03-13T00:00:00Z"", ""2011-03-20T00:00:00Z"", ""2011-03-27T00:00:00Z"", ""2011-04-03T00:00:00Z"", ""2011-04-10T00:00:00Z"", ""2011-04-17T00:00:00Z"", ""2011-04-24T00:00:00Z"", ""2011-05-01T00:00:00Z"", ""2011-05-08T00:00:00Z"", ""2011-05-15T00:00:00Z"", ""2011-05-22T00:00:00Z"", ""2011-05-29T00:00:00Z"", ""2011-06-05T00:00:00Z"", ""2011-06-12T00:00:00Z"", ""2011-06-19T00:00:00Z"", ""2011-06-26T00:00:00Z"", ""2011-07-03T00:00:00Z"", ""2011-07-10T00:00:00Z"", ""2011-07-17T00:00:00Z"", ""2011-07-24T00:00:00Z"", ""2011-07-31T00:00:00Z"", ""2011-08-07T00:00:00Z"", ""2011-08-14T00:00:00Z"", ""2011-08-21T00:00:00Z"", ""2011-08-28T00:00:00Z"", ""2011-09-04T00:00:00Z"", ""2011-09-11T00:00:00Z"", ""2011-09-18T00:00:00Z"", ""2011-09-25T00:00:00Z"", ""2011-10-02T00:00:00Z"", ""2011-10-09T00:00:00Z"", ""2011-10-16T00:00:00Z"", ""2011-10-23T00:00:00Z"", ""2011-10-30T00:00:00Z"", ""2011-11-06T00:00:00Z"", ""2011-11-13T00:00:00Z"", ""2011-11-20T00:00:00Z"", ""2011-11-27T00:00:00Z"", ""2011-12-04T00:00:00Z""]","[267053.53, 241631.47, 261738.39, 55262.37, 0.0, 168520.11000000002, 163999.72, 154221.301, 165967.371, 125037.642, 91110.61, 175148.652, 162416.402, 166425.13, 142176.34, 190300.321, 206384.23, 159107.26, 138649.69, 153734.501, 180978.49, 136116.631, 164442.24, 171619.31, 150996.95, 160432.53, 108579.82, 220415.75, 172392.97, 127041.53, 181541.81, 154082.18, 159283.44, 103982.99, 162355.09, 131419.35, 180134.31999999998, 169884.73, 149147.75, 145481.68, 133120.36000000002, 179573.591, 246229.42, 333403.36, 293194.54, 327279.47000000003, 207883.45, 220689.65, 288871.07, 382123.581, 355559.841, 304424.85, 510148.8, 583361.63, 216012.2, 92369.30000000002, 0.0, 133658.19, 193362.04, 215533.18, 125170.79, 125990.68, 107080.7, 143734.46, 148710.78, 132717.55000000002, 135220.53, 161691.62, 149655.47, 192720.48, 134483.88, 149571.68099999998, 141650.98, 86465.08, 146941.6, 211984.26, 215835.32, 166087.12, 118688.68, 220151.72, 190132.24, 135972.61000000002, 139216.16, 177320.48, 137142.63, 202365.54, 182685.091, 170702.36, 168109.02, 176016.97, 164939.43, 154058.24, 192703.67, 230137.26, 338771.791, 211800.221, 319987.39]"
