Timestamp,Latitude,Longitude,GHI (W/m²),DNI (W/m²),DHI (W/m²),Temp (°C),RH (%),Pressure (hPa),Dew Point (°C),Wind Speed (m/s),Cloud Type,Solar Zenith Angle (°),Target_GHI_NextHour (W/m²)
1/1/1998 0:30,39.75494271,-104.9287387,341.5811182,380.3262358,72.64985781,11.91616458,35.72852762,1010.482264,10.25031115,3.278999334,Clear,72.81835167,383.384506
1/1/1998 1:00,39.83220366,-105.0393241,177.7891752,300.146084,-34.4461561,20.98874264,98.13822267,1009.356547,19.22809726,3.180613774,Cumulus,80.39515793,654.2111732
1/1/1998 1:30,39.88051722,-104.7368754,383.384506,349.1607329,136.490584,25.18342342,39.95901351,1008.69843,21.82121883,4.424295882,Clear,30.02938313,562.8026197
1/1/1998 2:00,39.87020925,-105.0755419,654.2111732,215.0905195,502.1192083,13.27591535,67.85057851,1011.101321,11.04262229,2.273315938,Overcast,69.17304852,341.6912035
1/1/1998 2:30,39.73996161,-105.0100371,562.8026197,807.60577,-8.260896802,16.16825908,56.33911703,1017.752069,13.3543261,5.219017595,Cumulus,73.77506466,509.8418501
1/1/1998 3:00,39.64550432,-104.9981255,341.6912035,899.6128465,-294.4311408,48.61171505,54.4009455,1008.087079,47.18842235,2.277953245,Cirrus,86.58371438,278.1432857
1/1/1998 3:30,39.74450459,-105.0213322,509.8418501,266.8744696,321.1331029,28.635296,39.14071211,1005.740468,26.0761941,2.094675661,Clear,28.68574475,133.6158931
1/1/1998 4:00,39.51524419,-104.8551361,278.1432857,77.32028484,223.469588,27.90140291,61.23281242,1022.391919,25.35001405,3.454007426,Cumulus,37.62326305,400.2129415
1/1/1998 4:30,39.66768485,-104.9234363,133.6158931,690.7079964,-354.788415,17.61314887,88.97279334,1019.296217,16.78706455,3.56959728,Stratus,54.83557593,375.2166244
1/1/1998 5:00,39.6601699,-105.1157234,400.2129415,829.6359714,-186.4282798,19.09277442,52.37001233,1016.56352,17.77354825,5.52347382,Cirrus,54.60464865,269.3772602
1/1/1998 5:30,39.70198867,-105.0736854,375.2166244,261.3236909,190.4328705,11.98162042,64.07816528,1013.586315,10.01343902,2.147490223,Clear,81.02639423,394.9543501
1/1/1998 6:00,39.79232783,-104.856563,269.3772602,596.7954712,-152.6208644,8.762685539,57.14317657,1013.515154,5.300209332,2.570828981,Cumulus,0,425.9391304
1/1/1998 6:30,39.67436241,-105.0709985,394.9543501,690.4779225,-93.28727109,25.50107311,40.54493054,1016.043988,24.42284755,2.457936624,Stratus,59.23141095,729.8295643
1/1/1998 7:00,39.60872707,-104.8799114,425.9391304,252.3399184,247.5078629,27.49503426,55.74077998,1013.754062,26.49393437,4.975864271,Clear,52.83235114,92.9468594
1/1/1998 7:30,39.80401109,-105.0172005,729.8295643,812.644975,155.2027918,18.46834875,43.2945672,1013.133505,16.57193664,2.580689324,Clear,83.2570896,203.2341869
1/1/1998 8:00,39.88229881,-105.039221,92.9468594,239.8293919,-76.63812993,19.44701037,41.60061425,1018.175705,16.40443859,1.928440569,Cirrus,25.13419589,464.9335576
1/1/1998 8:30,39.7763381,-104.9496349,203.2341869,674.7793832,-273.9068908,-9.44399174,67.82338778,1009.57128,-12.53400483,2.684963912,Cirrus,56.37022557,484.0225132
1/1/1998 9:00,39.81600158,-105.0223058,464.9335576,696.6586804,-27.67851952,24.57889976,46.451353,1006.45031,22.59203217,2.581171027,Cirrus,50.08170036,351.1073776
1/1/1998 9:30,39.7399201,-104.8700962,484.0225132,815.9171826,-92.91805948,9.781960347,58.08140097,1018.898238,7.372938026,3.581616802,Cirrus,30.64301248,436.2149922
1/1/1998 10:00,39.80717245,-104.8818671,351.1073776,718.9764322,-157.2857331,17.86787739,10,1024.045958,18.26769559,3.698097602,Overcast,90,518.498175
1/1/1998 10:30,39.58116827,-104.9540509,436.2149922,659.0783628,-29.82378752,-3.250934654,33.86519848,1015.353204,-3.974500328,2.308991418,Cumulus,75.28667137,545.3807501
1/1/1998 11:00,39.71756526,-104.951505,518.498175,386.857618,244.94853,28.59258712,57.24849289,1013.782328,24.21551995,3.282895231,Cumulus,78.42009272,350.9759666
1/1/1998 11:30,39.60364379,-104.8233089,545.3807501,438.7392775,235.1452318,29.26965773,37.61534975,1000.757978,27.37083176,3.313107966,Clear,12.23424075,382.9966667
1/1/1998 12:00,39.82587418,-104.8880174,350.9759666,654.1146661,-111.5529495,16.09799214,64.13720501,1024.052305,14.61732051,2.038336806,Clear,77.19809729,157.5143314
1/1/1998 12:30,39.76926878,-104.9783206,382.9966667,612.6669754,-50.22430619,22.04390115,56.39694739,1015.019197,19.57947715,1.238893958,Cumulus,44.14698582,980.5477104
1/1/1998 13:00,39.79130749,-105.2255508,157.5143314,696.8801493,-335.2543479,15.0782458,41.0372129,1012.484105,12.97897401,3.315864232,Cirrus,83.02277239,230.1887065
1/1/1998 13:30,39.66954294,-105.06139,980.5477104,378.5395696,712.8798138,4.011850255,38.77696123,1010.516132,3.342246517,2.376243485,Overcast,40.4907646,510.4782201
1/1/1998 14:00,39.82636408,-104.935462,230.1887065,574.4175981,-175.9858723,6.562402616,50.35989153,1006.484762,3.272111258,3.330829938,Stratus,70.69563671,355.993244
1/1/1998 14:30,39.88505222,-105.0090914,510.4782201,59.72547237,468.2459336,34.23202032,78.78538005,1011.475182,31.38971174,3.544206261,Cirrus,72.55344413,407.1071974
1/1/1998 15:00,39.71139644,-104.9542017,355.993244,700.7309118,-139.4983355,-7.208597235,34.68521509,1010.967859,-8.478069853,4.806991313,Clear,77.88346963,321.7911852
1/1/1998 15:30,39.68674008,-104.9796396,407.1071974,731.4349654,-110.0954266,20.0523967,52.48680481,1005.296647,16.54074771,3.700309181,Overcast,53.88977492,541.9467126
1/1/1998 16:00,39.76067751,-104.8713808,321.7911852,50.3780418,286.1685302,-1.748797264,71.71982908,1014.412968,-4.975161289,2.250211239,Overcast,61.11267831,388.545472
1/1/1998 16:30,39.64283322,-104.9960242,541.9467126,672.369441,66.50972138,23.90727332,45.52647092,1015.781171,22.65492115,1.998417797,Overcast,35.38977826,707.3253077
1/1/1998 17:00,39.51919276,-105.1329752,388.545472,522.6326808,18.98835938,7.340309295,68.14886418,1002.641867,6.462775715,1.872035898,Stratus,70.45832569,477.3266778
1/1/1998 17:30,39.66270628,-105.0716399,707.3253077,581.2630376,296.3102722,36.69200142,34.88465717,1004.912934,36.76075422,3.706253454,Cirrus,61.01906786,259.7717005
1/1/1998 18:00,39.7361396,-105.2096544,477.3266778,720.297013,-32.00022458,8.598334056,33.29879353,1016.854448,6.895135371,1.806245288,Cirrus,83.85791994,361.7813343
1/1/1998 18:30,39.61628265,-105.0798521,259.7717005,574.1056282,-146.1822823,5.867389271,37.94578447,1013.864972,2.422281406,3.40289781,Cirrus,74.2887138,250.00486
1/1/1998 19:00,39.72636725,-105.0975425,361.7813343,828.3562728,-223.9550034,24.50217651,87.89938137,1020.46964,23.54267406,2.16929219,Cirrus,88.31237245,706.5073868
1/1/1998 19:30,39.83306742,-104.984672,250.00486,83.76401034,190.7747603,7.366417759,57.09867622,1008.781616,5.056436794,4.113282142,Clear,61.89438973,294.4543423
1/1/1998 20:00,39.6718206,-105.0508186,706.5073868,476.0867292,369.8632322,5.747819964,65.86938485,1020.674043,4.092932031,4.344171774,Clear,90,141.8095446
1/1/1998 20:30,39.74666615,-104.9860134,294.4543423,648.6231383,-164.1914772,10.159122,19.65099942,1014.799738,9.337078468,1.907960471,Stratus,40.56764398,147.3553102
1/1/1998 21:00,39.66382731,-105.2012263,141.8095446,233.0008032,-22.94690336,25.31381505,72.9808684,1008.839469,24.2767237,3.514384792,Overcast,90,220.5516177
1/1/1998 21:30,39.73598123,-105.1389817,147.3553102,267.8352391,-42.03280356,28.63617508,74.40784471,1017.217945,24.4758623,3.397575809,Cirrus,23.89607209,492.5832245
1/1/1998 22:00,39.73155765,-105.0518191,220.5516177,341.8798062,-21.19391163,16.01277123,90.09123488,1012.780906,15.14280399,3.194534823,Cirrus,90,220.1975898
1/1/1998 22:30,39.65849955,-104.9684096,492.5832245,539.4894523,111.1065744,15.5165256,96.31534236,1017.416358,12.49715288,0.989110362,Cirrus,38.18580319,320.0316637
1/1/1998 23:00,39.7355939,-104.8638935,220.1975898,13.8186781,210.4263088,5.776290386,18.06473115,1012.288418,3.056907069,2.305858273,Overcast,84.19744427,351.8317469
1/1/1998 23:30,39.63573347,-104.8373374,320.0316637,367.1025944,60.45092975,6.038602428,44.10904424,1009.876592,4.757797425,1.487552347,Cumulus,59.77597568,155.4006419
1/2/1998 0:00,39.73444322,-104.987946,351.8317469,509.0468079,-8.118702982,16.41283583,41.24320075,1013.608338,15.96866933,2.57733512,Cumulus,90,254.4051783
1/2/1998 0:30,39.44972193,-104.9771037,155.4006419,335.7493492,-82.00999973,31.74495884,61.71889343,1018.169716,28.69849446,3.494089433,Stratus,25.56471313,285.203925
1/2/1998 1:00,39.90341658,-104.8592541,254.4051783,746.6784774,-273.5762365,5.205057157,22.92734378,1016.868775,2.820013218,1.780127686,Clear,90,300.9072429
1/2/1998 1:30,39.83908531,-104.9505227,285.203925,753.3653775,-247.5058422,8.009203249,27.59899527,1017.043951,6.809999035,3.226308175,Stratus,46.78350288,524.9458966
1/2/1998 2:00,39.6753605,-104.9610184,300.9072429,711.58281,-202.2577875,5.980612232,36.44583079,1016.727907,3.759738495,3.739032086,Cirrus,38.54614542,652.860132
1/2/1998 2:30,39.78916473,-105.0729852,524.9458966,33.88733829,500.9839299,6.039654061,72.06915624,1011.094322,3.529713251,2.717671019,Overcast,90,361.2247909
1/2/1998 3:00,39.67313064,-105.0760627,652.860132,572.4987768,248.0423647,13.97965806,32.37074926,1013.979285,11.69026427,4.05667237,Cirrus,0,492.8507348
1/2/1998 3:30,39.56039634,-105.171689,361.2247909,470.2748627,28.69024647,17.48447439,73.11753173,1007.911328,15.42506705,3.802043602,Cirrus,44.48651393,517.4196208
1/2/1998 4:00,39.89171235,-104.9917291,492.8507348,1098.015935,-283.5637789,24.64812676,58.01155108,1008.355523,23.27471805,2.90969963,Stratus,62.76590512,410.1503068
1/2/1998 4:30,39.7740567,-104.7670847,517.4196208,813.5386798,-57.83909646,21.33970192,96.93172936,1013.376377,19.14280702,1.495357932,Cirrus,51.73933245,353.5828346
1/2/1998 5:00,39.78068827,-105.1790024,410.1503068,516.9300346,44.62557391,15.86186217,60.69412063,1009.834744,13.6204514,3.133910657,Stratus,47.22740911,674.5231
1/2/1998 5:30,39.76596563,-105.0835176,353.5828346,963.97354,-328.0493925,15.40623928,42.41893883,1014.703746,12.95236036,3.39028043,Overcast,58.18083494,226.6929726
1/2/1998 6:00,39.77850099,-104.8082605,674.5231,813.5267335,99.27283008,15.36606436,68.26897608,1014.110587,11.99595328,2.3206657,Stratus,74.51740602,389.7712448
1/2/1998 6:30,39.71080825,-105.0386831,226.6929726,444.6716642,-87.73737654,29.44493964,54.07950297,1001.827559,27.79692661,2.771905376,Overcast,55.46569068,607.6001613
1/2/1998 7:00,39.76087342,-104.9899975,389.7712448,292.1438547,183.194344,-4.064530465,48.54121722,1012.660195,-5.84991055,3.220887986,Cumulus,90,479.7125638
1/2/1998 7:30,39.59114489,-104.893288,607.6001613,125.9433425,518.5447698,28.82038909,60.12740166,1011.677396,27.01178023,3.184223158,Clear,56.61078624,161.4674723
1/2/1998 8:00,39.85011855,-105.0827596,479.7125638,409.3810745,190.23643,17.22816233,95.50391146,1015.837057,16.28665859,3.899606242,Overcast,67.32832026,832.5566837
1/2/1998 8:30,39.64281865,-105.1005045,161.4674723,256.1794846,-19.67877849,12.73121831,45.88938013,1010.838283,10.6046696,1.842812744,Cumulus,63.75509271,405.0511418
1/2/1998 9:00,39.73672753,-105.148927,832.5566837,1043.505755,94.68668808,20.04375751,52.74967916,1014.658161,20.12135566,1.71849592,Cirrus,55.71914246,568.4871568
1/2/1998 9:30,39.70635231,-105.1128174,405.0511418,413.9982786,112.3101516,5.166873888,46.266344,1017.927148,3.727343071,1.357665872,Overcast,60.74815478,296.3736426
1/2/1998 10:00,39.82952258,-104.8899331,568.4871568,910.597313,-75.40237814,4.253344683,91.13945696,1016.691335,2.061473958,4.973016318,Stratus,68.19625745,381.5592189
1/2/1998 10:30,39.7770699,-105.206115,296.3736426,58.33118865,255.1272636,29.3128793,64.15843828,1012.308204,27.24554113,4.134188468,Cirrus,21.33902348,422.1950964
1/2/1998 11:00,39.69768878,-105.1353728,381.5592189,95.85814977,313.7772711,0.272123948,49.08056897,1024.280037,-1.888114569,3.277608393,Stratus,77.83343175,233.7740403
1/2/1998 11:30,39.64435285,-105.0472063,422.1950964,492.256877,74.11692063,17.16808099,73.92769946,1014.302101,13.98937192,2.397281188,Cumulus,85.2543586,594.8646499
1/2/1998 12:00,39.68512874,-105.1879552,233.7740403,740.090098,-289.5486867,37.42099655,41.57217167,1001.399881,35.08088685,1.002683432,Cirrus,50.13081641,408.2647175
1/2/1998 12:30,39.83171989,-104.8486418,594.8646499,382.6457132,324.2932713,28.79554324,79.46735066,1015.218711,27.27016299,4.413825157,Stratus,59.88344571,234.0706378
1/2/1998 13:00,39.74387632,-105.0392585,408.2647175,744.6464752,-118.2798547,12.49250545,40.54223291,1011.927629,10.09950825,2.057921477,Overcast,55.12984797,494.8230817
1/2/1998 13:30,39.62351363,-105.1235619,234.0706378,915.1056136,-413.0067471,10.41851758,57.21077835,1018.297704,9.18189879,2.51266316,Overcast,55.5899161,433.1530144
1/2/1998 14:00,39.81294469,-105.0182885,494.8230817,448.9056496,177.3988527,17.15483579,49.5404516,1008.353365,15.22475532,2.782727042,Stratus,63.73577971,5.743519465
1/2/1998 14:30,39.73201688,-104.9659318,433.1530144,204.1598097,288.7902285,13.90261929,50.45160428,1012.247563,10.61160497,2.390781577,Cumulus,48.74584535,194.1368471
1/2/1998 15:00,39.66868061,-104.9291644,5.743519465,512.9050931,-356.93515,4.8354731,94.69741797,1018.008897,2.679262165,3.114441466,Cumulus,90,604.4427626
1/2/1998 15:30,39.80108694,-104.8686584,194.1368471,498.3454958,-158.2466323,17.10347932,92.56863118,1013.46143,16.86878709,4.250354959,Stratus,2.32621172,358.8790355
1/2/1998 16:00,39.68503209,-104.9865322,604.4427626,225.0886123,445.2810785,33.57811232,67.89432073,1014.172353,31.018995,3.291063744,Clear,63.68074404,736.3911374
1/2/1998 16:30,39.55678869,-105.1965636,358.8790355,296.4155733,149.2815736,16.7698071,60.1045276,1008.688695,15.55196142,3.344195923,Cumulus,78.38167442,204.1030334
1/2/1998 17:00,39.87236886,-104.8061591,736.3911374,618.496591,299.0480038,15.31347869,66.13371789,1005.637,13.53019555,2.092477771,Cirrus,90,442.1080158
1/2/1998 17:30,39.6642593,-104.9095014,204.1030334,435.1354346,-103.5841831,22.24809941,58.63108836,1013.468614,19.71052225,2.698722399,Cumulus,42.1280386,295.7792245
1/2/1998 18:00,39.7705157,-104.8371104,442.1080158,101.3909561,370.4137832,4.279712255,44.89377746,1011.746076,1.013853336,3.935509803,Stratus,84.29154064,439.6850004
1/2/1998 18:30,39.75025482,-105.1252822,295.7792245,527.9695476,-77.55162292,17.06212666,85.21369342,1010.937729,15.34760141,2.414796362,Overcast,80.56609579,681.0440152
1/2/1998 19:00,40.03778199,-105.0289559,439.6850004,510.1467538,78.95677135,3.741939084,79.4561514,1025.238511,1.759096182,2.725570033,Cumulus,37.17994494,15.68336416
1/2/1998 19:30,39.8545389,-104.8448052,681.0440152,813.5351469,105.7877961,39.33968419,71.25931041,1012.104937,37.82698227,3.288819621,Stratus,72.24042851,490.5915338
1/2/1998 20:00,39.78387453,-104.9758013,15.68336416,319.7634502,-210.4235398,0.14011724,88.53865776,1009.274463,-2.89722969,2.307033198,Stratus,84.36057347,349.9762222
1/2/1998 20:30,39.67688586,-105.1058151,490.5915338,473.129997,156.0381045,42.70107843,73.63389387,1022.370273,41.51330356,3.421103154,Stratus,84.87047153,256.3209057
1/2/1998 21:00,39.69472732,-104.8586916,349.9762222,374.3838997,85.24682797,7.208644536,71.20846983,1014.19763,3.601348267,1.938908717,Cumulus,60.55299546,425.4719645
1/2/1998 21:30,39.86393836,-105.0375459,256.3209057,574.8438256,-150.1550615,21.85747232,63.9970053,1010.740922,18.89044001,1.965289389,Stratus,50.43924691,182.9242743
1/2/1998 22:00,39.67000741,-104.8307592,425.4719645,635.0904142,-23.60477399,27.44653371,79.25775964,1014.971663,27.77136951,2.870001305,Stratus,66.07850624,43.88723439
1/2/1998 22:30,39.75377981,-104.9409091,182.9242743,791.6704743,-376.8712866,23.22610248,69.88049349,1009.986039,20.36473942,1.549534713,Stratus,43.49698158,354.1939943
1/2/1998 23:00,39.7733637,-104.8778484,43.88723439,881.84982,-579.6747533,-0.556830323,64.95875673,1007.287362,-3.151956239,2.407126168,Cumulus,36.77066289,502.1814426
1/2/1998 23:30,39.6764038,-104.9279259,354.1939943,952.3921858,-319.2489786,29.91481782,70.82720669,1004.84782,29.33823738,2.496421778,Clear,66.15309789,373.95209
1/3/1998 0:00,39.93063835,-104.8441111,502.1814426,645.6652661,45.62715451,-1.810628373,61.51742877,1007.998322,-3.770928296,4.181495685,Stratus,17.68342795,358.1192357
1/3/1998 0:30,39.73944263,-104.9976469,373.95209,257.3404693,191.9848991,26.96518281,49.81487479,1012.866686,24.98070996,2.062477048,Cirrus,49.45475147,200.6298923
1/3/1998 1:00,39.70796862,-105.0879648,358.1192357,1090.377727,-412.8942492,13.02781605,43.03625655,1014.737178,12.07921977,4.453436319,Clear,61.3354337,579.6068199
1/3/1998 1:30,39.71372339,-104.9042428,200.6298923,37.93142222,173.8083264,15.12375425,96.33080987,1016.890795,13.06179366,4.703331601,Stratus,90,529.4531913
1/3/1998 2:00,39.71578105,-105.1258932,579.6068199,129.354154,488.1396204,-0.979114548,58.41871993,1012.514949,-2.662422067,1.839292737,Cumulus,62.2154296,665.0598389
1/3/1998 2:30,39.59351677,-105.1136371,529.4531913,723.6460196,17.75818366,13.93170498,40.63314379,1015.507956,12.29445301,2.089405297,Stratus,63.41258179,418.3134575
1/3/1998 3:00,39.85429433,-105.0527896,665.0598389,667.9720601,192.7322655,25.68679362,24.20401437,1016.574055,22.02206643,3.985787474,Stratus,73.82091838,199.1565944
1/3/1998 3:30,39.85118094,-105.0350563,418.3134575,136.4607319,321.8211486,10.63389218,59.41347008,1008.446581,8.895896601,2.490143056,Cirrus,75.98234604,633.9210674
1/3/1998 4:00,39.67195906,-104.9073173,199.1565944,511.0491905,-162.2097537,14.10751559,58.39344273,1010.477709,14.8138074,2.68380597,Overcast,65.23155415,187.2622823
1/3/1998 4:30,39.70296563,-105.2037606,633.9210674,253.7565167,454.4881136,15.72395852,83.09272355,1007.362268,13.11249617,2.427111748,Cumulus,88.03489061,351.7115892
1/3/1998 5:00,39.78915411,-104.6737444,187.2622823,448.9314639,-130.1802001,-2.082379313,71.80420864,1015.615281,-4.095042057,2.609804455,Stratus,42.85255798,451.2984556
1/3/1998 5:30,39.68682261,-105.0437509,351.7115892,732.9667538,-166.5741727,25.76307902,58.9955094,1005.922381,24.59319414,3.859843628,Stratus,62.29741158,578.5295571
1/3/1998 6:00,39.73551624,-104.9823049,451.2984556,281.2035198,252.4575399,25.23667856,78.71952347,1009.276635,23.27528794,2.499869783,Stratus,74.85169749,463.5785494
1/3/1998 6:30,39.70282641,-105.2080114,578.5295571,350.1786043,330.9158915,20.25669547,65.02277624,1011.267607,18.7180887,3.559085165,Cumulus,35.43728821,338.1559961
1/3/1998 7:00,39.88206941,-105.0454204,463.5785494,456.0804676,141.080958,0.605981955,79.4268635,1019.136548,-1.349958071,3.935402898,Cumulus,83.8681992,496.4613928
1/3/1998 7:30,39.73360403,-104.8470729,338.1559961,739.9094839,-185.0390175,5.163157024,71.87484861,1018.487431,4.230980579,1.591543899,Cumulus,43.86054016,194.6078533
1/3/1998 8:00,39.64151286,-105.0777218,496.4613928,790.0820657,-62.21099357,23.33773307,31.2749261,1007.922004,22.40025302,2.464656943,Cirrus,90,397.6658208
1/3/1998 8:30,39.57565724,-105.0734395,194.6078533,259.0493527,11.43229932,10.75472738,82.69022161,1019.0629,8.854330743,2.643481032,Cirrus,17.05948482,188.6227487
1/3/1998 9:00,39.86047786,-104.9299258,397.6658208,514.3785563,33.94525554,18.209404,46.43058159,1015.76127,15.79669612,4.96177237,Stratus,74.81772499,348.8559253
1/3/1998 9:30,39.70631331,-105.1068992,188.6227487,838.8486502,-404.5328203,3.66595573,79.79645556,1013.992635,1.317175235,3.866228876,Cirrus,48.2475277,340.0112471
1/3/1998 10:00,39.67445733,-104.9796357,348.8559253,611.6887189,-83.67331581,19.37501132,24.98583318,1005.485302,15.33504481,3.45025582,Stratus,44.0101819,352.8502879
1/3/1998 10:30,39.69440238,-104.8555557,340.0112471,646.8852415,-117.4056938,25.58976808,85.58855643,1007.813206,24.28563458,3.09637,Stratus,37.78769169,346.4810062
1/3/1998 11:00,39.50545533,-104.9382631,352.8502879,332.4658513,117.76143,11.33261404,91.11230542,1015.651712,9.975671361,2.142405424,Cirrus,38.48296648,420.3359985
1/3/1998 11:30,39.95718113,-104.9209795,346.4810062,349.3378461,99.46184627,11.75848646,100,1013.388078,9.233767767,3.916637088,Clear,73.34779412,613.9015461
1/3/1998 12:00,39.68820195,-104.9273131,420.3359985,672.6734743,-55.31597669,26.08098409,64.76741053,1010.774362,24.84084955,1.85025104,Cirrus,53.1474243,360.8534824
1/3/1998 12:30,39.70951264,-105.1263733,613.9015461,833.7064143,24.38208706,2.649690652,46.29244072,1005.658181,0.456769953,3.089995186,Overcast,40.96375571,276.081578
1/3/1998 13:00,39.81451827,-104.9454353,360.8534824,259.0062171,177.7084299,14.38157318,26.09966867,1017.842959,12.81396704,2.138965098,Cirrus,72.59954821,64.32545519
1/3/1998 13:30,39.56498237,-105.0055506,276.081578,675.1614412,-201.3296555,19.08990749,45.47245724,1013.903976,18.497212,3.63292515,Clear,60.59185009,114.0630864
1/3/1998 14:00,39.75245912,-105.1351992,64.32545519,409.5921143,-225.2999064,18.27993239,67.24923484,1007.998544,15.60569183,4.653480497,Clear,24.49930244,548.8170213
1/3/1998 14:30,39.67460539,-104.9631531,114.0630864,609.0846794,-316.6248208,28.88249024,39.92319562,1013.303626,27.69627685,3.030142071,Clear,57.81832328,433.0489273
1/3/1998 15:00,39.81531607,-104.8580081,548.8170213,573.6636952,143.1755323,27.03437919,48.36481915,1015.39552,25.57246791,1.780622817,Overcast,73.20334372,299.0404883
1/3/1998 15:30,39.73055042,-104.9922096,433.0489273,587.1619227,17.86275009,2.130480146,65.11958473,1015.528714,1.536644548,2.955947638,Overcast,13.01983975,677.8648816
1/3/1998 16:00,39.77265564,-105.1206669,299.0404883,275.2147651,104.4342616,26.36352698,51.53282692,1016.891719,24.58225354,3.165698372,Cumulus,81.21210498,89.31089862
1/3/1998 16:30,39.7008847,-105.0587215,677.8648816,17.26158723,665.6590962,28.66348966,36.15037721,1020.629077,26.25811281,2.440332058,Cumulus,42.9085355,14.44774587
1/3/1998 17:00,39.79229369,-105.0639648,89.31089862,993.4931466,-613.1948424,-2.425391559,65.15213171,1019.852264,-1.756760313,2.682028117,Overcast,42.05327607,277.5037956
1/3/1998 17:30,39.50744097,-104.9728865,14.44774587,146.8033313,-89.35788517,10.01041505,35.8443049,1018.921656,9.481950593,3.446582176,Clear,81.67088353,545.3339735
1/3/1998 18:00,39.75525334,-105.0243731,277.5037956,386.462586,4.233480363,27.86149425,89.18164712,1015.515929,25.20044387,2.713678422,Clear,87.2920249,342.6294319
1/3/1998 18:30,39.52842537,-105.0243897,545.3339735,454.3607464,224.0524086,11.87743629,71.03768956,1007.206145,8.717321595,3.983192253,Stratus,72.99243208,273.7036236
1/3/1998 19:00,39.75604646,-104.9934725,342.6294319,446.4634888,26.93207144,16.56268781,79.95032017,1024.558701,14.08859976,2.164749812,Cumulus,55.79909807,398.2427826
1/3/1998 19:30,39.66357685,-104.8911297,273.7036236,572.4284336,-131.0644036,10.03655672,62.58822482,1015.772199,7.250956852,2.189324409,Cirrus,70.67172819,335.5780031
1/3/1998 20:00,39.74654145,-104.9261284,398.2427826,142.2029379,297.6901209,11.67011747,45.88180231,1013.225451,9.092686798,3.567649462,Clear,80.79568235,440.0804967
1/3/1998 20:30,39.66771665,-104.9392527,335.5780031,262.1514601,150.2089279,8.093063474,59.87612221,1009.366005,3.989038467,1.745200181,Overcast,45.95452331,454.3224086
1/3/1998 21:00,39.73349524,-104.9205288,440.0804967,32.37592159,417.187263,19.56726482,67.12346588,1017.432733,18.15171167,3.21945801,Overcast,59.23652878,274.0749763
1/3/1998 21:30,39.68832778,-104.9021732,454.3224086,377.4600911,187.4178185,5.796179788,54.05913548,1017.628523,4.49178447,1.922116923,Cirrus,58.10803977,693.5110616
1/3/1998 22:00,39.94386753,-105.0566055,274.0749763,607.5974568,-155.5613056,-0.614491538,34.07547978,1014.365169,-2.162257234,3.527192569,Cirrus,72.83636697,426.1127236
1/3/1998 22:30,39.83682579,-104.8003226,693.5110616,830.451006,106.2935239,27.73478489,38.58047975,1007.837175,26.67897319,3.403839764,Cumulus,79.08430604,349.4529786
1/3/1998 23:00,39.8240297,-104.8611651,426.1127236,913.8247747,-220.0589714,-0.140957448,50.97497298,1016.162501,-1.412595174,2.987096894,Cirrus,90,739.2331716
1/3/1998 23:30,39.66135932,-105.0964699,349.4529786,266.2154519,161.2102273,31.67390338,60.06787352,1023.078771,29.18570899,3.679800925,Stratus,64.83740296,692.9561487
1/4/1998 0:00,39.70022252,-104.9763876,739.2331716,720.225816,229.9566131,27.28623779,71.63649068,1008.774838,23.6166912,3.868780115,Clear,23.45173996,495.4818223
1/4/1998 0:30,39.60957987,-104.9446073,692.9561487,629.4255513,247.8850731,20.6634709,39.72590026,1012.522239,18.03582764,2.371946817,Stratus,48.28933902,375.6644769
1/4/1998 1:00,39.59059846,-105.3118924,495.4818223,586.4597975,80.79212265,10.47395954,96.29118486,1008.189815,8.079770992,4.444057559,Overcast,44.25411368,575.2929659
1/4/1998 1:30,39.65103215,-104.9276915,375.6644769,518.0218148,9.367738865,18.4900185,57.29384738,1019.916502,15.81255956,2.42446699,Cirrus,63.29057069,316.9268673
1/4/1998 2:00,39.78371902,-105.1129961,575.2929659,322.7729568,347.0580194,8.048764688,59.4055836,1022.178615,5.199479399,1.625760491,Overcast,72.50074208,673.4253773
1/4/1998 2:30,39.76816672,-104.8652419,316.9268673,317.3073853,92.55666345,18.51476727,55.52144384,1021.248704,17.05786004,3.250191263,Overcast,62.77361722,145.1766985
1/4/1998 3:00,39.89691641,-105.0458412,673.4253773,855.7556813,68.31473207,8.296176681,23.60165241,1013.385602,6.231168282,2.732076209,Cumulus,57.39179151,96.24214245
1/4/1998 3:30,39.63439615,-104.8664537,145.1766985,977.6325606,-546.1139147,6.868288996,53.50880689,1014.198445,4.358936405,3.381057403,Cirrus,39.45148585,263.6695188
1/4/1998 4:00,39.635445,-105.0473753,96.24214245,538.661762,-284.6492422,26.74990911,72.23434042,1008.770875,27.13452253,3.223966488,Stratus,88.54126768,348.4671403
1/4/1998 4:30,39.79983709,-104.9502637,263.6695188,149.8449453,157.7131418,14.48400371,23.66856081,1008.338647,12.38873735,2.114506635,Cumulus,35.36100999,500.5008994
1/4/1998 5:00,39.6518201,-104.870205,348.4671403,494.8696899,-1.458573227,14.16997386,82.13490055,1012.08708,11.70640865,4.14417444,Cumulus,63.0796888,656.7991971
1/4/1998 5:30,39.7375102,-105.0010246,500.5008994,386.3937716,227.2792433,-5.323007707,35.47388104,1014.117622,-6.300414422,4.735258949,Cumulus,89.24038308,475.8805821
1/4/1998 6:00,39.68879704,-104.9237302,656.7991971,772.6436183,110.4576552,31.66233378,82.0720575,1017.305559,28.91291269,2.477569107,Cirrus,71.83347276,684.2814163
1/4/1998 6:30,39.67876367,-104.9721744,475.8805821,603.4062523,49.20792931,7.029244656,60.1496132,1011.841525,6.057438946,2.601052392,Clear,67.61371928,179.0621249
1/4/1998 7:00,39.5533519,-105.0609066,684.2814163,666.2599731,213.1644713,22.98395062,62.36742437,1016.508032,23.08567975,3.965746693,Stratus,60.41314017,475.3733584
1/4/1998 7:30,39.79806111,-105.0665196,179.0621249,782.3532387,-374.1451554,14.30560849,64.87591614,1013.695311,12.32823876,3.13839863,Stratus,58.92604524,356.6646553
1/4/1998 8:00,39.66478565,-104.9330134,475.3733584,665.8534118,4.543895655,19.66044065,57.59559695,1019.18909,16.8561341,0.201652816,Clear,52.34234529,24.38192998
1/4/1998 8:30,39.77638549,-105.1141775,356.6646553,496.4083371,5.650953894,7.914774837,57.45968459,1009.543615,7.155013351,2.63688175,Overcast,65.28038511,87.51333544
1/4/1998 9:00,39.92492138,-105.1949193,24.38192998,651.1117344,-436.0235928,7.684341624,77.28122333,1005.50795,4.756667629,3.118433884,Stratus,76.87599191,425.622427
1/4/1998 9:30,39.74955867,-104.9501815,87.51333544,612.2258575,-345.3957201,33.23691995,28.20163996,1014.690125,31.90860328,3.596667512,Cirrus,67.98672308,428.2214365
1/4/1998 10:00,39.73506462,-105.0454046,425.622427,318.8779631,200.1416569,-4.986445947,38.10275374,1010.782437,-6.861465324,1.088433628,Clear,56.35093974,143.6571989
1/4/1998 10:30,39.64878845,-104.9562814,428.2214365,154.9955899,318.6230039,37.16275047,60.36573513,1019.475456,35.97857172,1.290811129,Cumulus,60.31374657,96.79789661
1/4/1998 11:00,39.78929195,-105.0431162,143.6571989,769.362444,-400.3642025,12.3112008,48.65819003,1014.372027,10.85062785,2.663327315,Cirrus,54.23923634,348.8222222
1/4/1998 11:30,39.78908212,-104.9493413,96.79789661,567.4751382,-304.4676218,15.57808457,28.68438936,1021.818099,12.74540472,2.960562155,Cumulus,37.32761893,155.0978019
1/4/1998 12:00,39.8577113,-104.9153873,348.8222222,296.3490823,139.2717765,30.37944772,48.69502789,1010.798469,28.39543804,2.997832102,Cirrus,86.77807065,157.3983792
1/4/1998 12:30,39.79886414,-105.0817882,155.0978019,211.2662358,5.710013972,13.42891817,72.76634703,1014.647196,11.6120892,3.173169989,Cumulus,53.93525398,221.9538488
1/4/1998 13:00,39.62214892,-105.0700621,157.3983792,728.7423968,-357.9003114,15.47162606,61.08375007,1006.978718,14.56836205,2.629200528,Clear,45.06380135,493.5982059
1/4/1998 13:30,39.69175822,-104.8616657,221.9538488,422.2424209,-76.61663031,3.479592182,65.74838914,1011.739362,2.530723851,3.543403364,Clear,80.58807362,302.9234021
1/4/1998 14:00,39.68403782,-104.8808788,493.5982059,576.1392833,86.20621179,11.12808792,63.83449094,1012.900072,9.900146365,4.112611527,Stratus,83.73795446,22.98693438
1/4/1998 14:30,39.74431956,-104.8337002,302.9234021,603.0449151,-123.4937468,17.56201382,68.1875069,1012.745775,15.49026993,3.902285173,Cirrus,56.30444295,754.3204795
1/4/1998 15:00,39.82669499,-105.145651,22.98693438,883.957064,-602.0650999,23.98597256,77.09461041,1015.930611,23.16080989,4.171681989,Cumulus,69.92374681,352.973574
1/4/1998 15:30,39.7653011,-104.9228549,754.3204795,307.9412521,536.5731319,26.82944391,56.51935238,1007.970563,25.39371218,4.203180223,Overcast,40.10701062,758.2198123
1/4/1998 16:00,39.67740716,-104.9528517,352.973574,429.1269409,49.53500409,20.6528185,50.64704185,1010.523171,19.54938588,4.294938146,Overcast,39.19321678,640.920305
1/4/1998 16:30,39.58719149,-105.1420716,758.2198123,376.2173225,492.1939923,30.74882145,63.07592675,1014.28335,29.29327771,4.731300033,Stratus,89.96975238,391.5109601
1/4/1998 17:00,39.67533133,-104.9760408,640.920305,796.8791513,77.44165334,-8.314724894,29.11959727,1009.644653,-9.862561462,2.175797874,Overcast,36.050473,524.571457
1/4/1998 17:30,39.71342505,-105.1660416,391.5109601,682.6665449,-91.20718308,19.23646256,26.26679045,1015.430455,18.17935376,2.983281353,Overcast,90,88.22643323
1/4/1998 18:00,39.84329251,-104.8890136,524.571457,483.6579675,182.5736284,15.6364552,34.9566729,1010.483847,12.61124368,5.103016017,Cirrus,89.06152862,362.9970987
1/4/1998 18:30,39.77029369,-104.9448045,88.22643323,355.1714374,-162.9176987,21.55168869,60.45170561,1006.770784,18.29432486,2.830841154,Stratus,62.38448006,376.4440478
1/4/1998 19:00,39.78613227,-104.9601276,362.9970987,398.1629292,81.45339146,21.19846731,69.82410829,1007.121706,20.41661935,1.139746108,Clear,79.74914183,393.6669836
1/4/1998 19:30,39.70317789,-104.8666795,376.4440478,174.1897173,253.2733174,0.13007898,56.98722849,1015.818986,-2.170286995,3.705178848,Stratus,17.02864406,17.28823453
1/4/1998 20:00,39.69794853,-104.8427911,393.6669836,560.3797549,-2.581341063,36.61122741,54.66740379,1012.82934,35.19213925,1.544083159,Clear,90,324.1446055
1/4/1998 20:30,39.6406384,-105.1279376,17.28823453,628.2032565,-426.9185481,4.158326615,71.04067559,1013.232026,2.94498361,2.459309274,Clear,74.09112766,214.0055553
1/4/1998 21:00,39.7619869,-104.9383461,324.1446055,43.50874979,293.3792735,18.75250801,60.31149638,1014.499081,16.27316989,0.201874701,Cirrus,77.18009969,301.1495625
1/4/1998 21:30,39.74942212,-105.1306917,214.0055553,655.0620084,-249.1932329,18.18861591,89.03149363,1015.103085,16.84708661,1.696543114,Cirrus,79.44179505,444.6654939
1/4/1998 22:00,39.80267741,-105.0386582,301.1495625,592.5122853,-117.8198924,1.927305201,43.20845727,1010.166708,1.897145789,3.255188938,Clear,46.26185227,520.8055695
1/4/1998 22:30,39.91511203,-105.0948498,444.6654939,414.8819567,151.2996489,16.3444472,69.60578683,1009.870088,13.85448586,4.284004726,Stratus,60.58441617,308.0060306
1/4/1998 23:00,39.67412211,-105.0953444,520.8055695,353.0463678,271.1640888,16.86376775,73.41970569,1015.080169,14.62695189,2.503933413,Cirrus,75.33033975,347.2459533
1/4/1998 23:30,39.61029535,-105.0816723,308.0060306,820.683423,-272.304783,30.95998397,50.74052239,1016.835955,27.463096,1.796113394,Stratus,34.37963533,385.071152
1/5/1998 0:00,39.56209998,-105.1391234,347.2459533,723.4491281,-164.3098311,13.01661292,90.8959667,1016.92425,10.80535235,3.542489691,Cirrus,53.58784355,350.4002447
1/5/1998 0:30,39.8931394,-105.1144836,385.071152,365.4483561,126.6601412,19.51974183,71.92593447,1013.715494,17.61219575,3.236116111,Stratus,33.73283661,656.0537331
1/5/1998 1:00,39.72891906,-105.1164409,350.4002447,144.9570867,247.9001057,11.31871122,59.25528427,1020.343982,10.0883586,2.728622388,Clear,54.95224032,92.49377849
1/5/1998 1:30,39.70075432,-105.1383023,656.0537331,432.9829148,349.888578,-1.088249684,94.30533096,1009.158772,-2.115990378,3.299648201,Cumulus,54.12279274,324.3544005
1/5/1998 2:00,39.74976502,-104.9708894,92.49377849,424.4978684,-207.6715428,11.1982205,99.88228355,1008.998235,10.22780765,2.501148906,Cirrus,54.6293241,71.06481366
1/5/1998 2:30,39.7330829,-104.8946946,324.3544005,346.4081377,79.40685728,18.40409042,36.66903526,1015.301465,16.33892552,2.705117014,Cirrus,45.95602466,479.2644675
1/5/1998 3:00,39.84867483,-104.9236202,71.06481366,1038.886188,-663.5386547,3.076746375,88.28870341,1009.810915,0.022899855,2.289085373,Overcast,56.06439849,47.72280041
1/5/1998 3:30,39.62383245,-104.8628665,479.2644675,727.0346377,-34.82665493,23.77058715,30.05045727,1010.801543,22.52815416,3.145858717,Clear,84.47910093,572.1829115
1/5/1998 4:00,39.98706437,-104.9133759,47.72280041,566.5303229,-352.8746327,-3.091393512,69.96658731,1005.7793,-4.865997389,0.840276681,Stratus,51.86060658,499.4864559
1/5/1998 4:30,39.80253403,-104.9838428,572.1829115,311.5421889,351.8893171,2.283903591,58.32516395,1014.531547,0.181343947,2.124603387,Clear,74.00182347,603.6125054
1/5/1998 5:00,39.6610697,-104.9252405,499.4864559,362.1940506,243.3765866,10.92055543,68.39354477,1013.907876,9.077366991,2.96800637,Cumulus,90,85.22182953
1/5/1998 5:30,39.82627573,-104.8920853,603.6125054,546.3163752,217.3084919,19.2002847,77.22944154,1014.427207,16.53642576,4.665571593,Clear,37.46555535,683.2881894
1/5/1998 6:00,39.67971006,-105.0489641,85.22182953,488.0175029,-259.8586561,21.09981549,69.72651096,1016.736158,19.09775948,3.882461891,Cumulus,89.50628194,314.1778552
1/5/1998 6:30,39.71230715,-105.0913011,683.2881894,735.3220146,163.3370065,-0.014465265,63.32050377,1017.550277,-2.148282503,2.90132066,Clear,76.79758674,118.5557303
1/5/1998 7:00,39.6449093,-105.0045054,314.1778552,385.4456144,41.62664754,16.51079892,26.66099922,1007.69939,14.9969994,4.350028058,Cirrus,52.19744639,447.9153682
1/5/1998 7:30,39.71857081,-104.9841426,118.5557303,948.3744509,-552.0462751,15.41514432,92.64088478,1011.494327,12.31005159,1.823639484,Stratus,66.83953854,621.9307347
1/5/1998 8:00,39.65375764,-105.0124596,447.9153682,803.6660414,-120.3623395,20.01279267,94.07979383,1016.641916,16.55892991,3.20858772,Clear,44.77239777,286.5404394
1/5/1998 8:30,39.77620142,-105.1511706,621.9307347,410.493686,331.6678658,20.03263929,88.05892589,1007.427432,19.34489387,0.816435364,Cumulus,90,732.9029987
1/5/1998 9:00,39.81820781,-104.983809,286.5404394,763.122145,-253.0684042,4.620270622,79.54140124,1013.299425,1.611138328,4.307257313,Overcast,60.73661878,544.138152
1/5/1998 9:30,39.77681787,-105.000025,732.9029987,430.3841823,428.5754249,30.1089381,66.34097889,1012.693603,28.47931131,4.951846372,Cumulus,67.17003473,480.5880084
1/5/1998 10:00,39.61238618,-104.8902409,544.138152,768.9191898,0.430178664,22.34540687,85.16554682,1015.521326,19.00301922,4.383495379,Overcast,65.24304678,129.7142229
1/5/1998 10:30,39.7329321,-104.947578,480.5880084,560.0791935,84.55221271,19.46640199,63.14279652,1015.520566,18.06320746,3.757995232,Cirrus,72.74035699,699.3807265
1/5/1998 11:00,39.80657474,-104.8429483,129.7142229,705.9302138,-369.4538184,23.47708497,47.72291965,1012.954621,21.51048559,3.411809349,Clear,62.95531842,186.3473259
1/5/1998 11:30,39.70977171,-105.0764475,699.3807265,482.8495091,357.9545643,24.31857694,87.82106537,1010.000239,21.79666113,3.777612344,Overcast,90,242.3621021
1/5/1998 12:00,39.77229851,-104.9798726,186.3473259,728.1312614,-328.5192267,2.575287414,64.77514035,1022.698445,0.949913911,4.181397354,Stratus,74.92922672,375.8666824
1/5/1998 12:30,39.70531944,-104.9423993,242.3621021,307.1313599,25.1874348,14.25711726,16.47517196,1014.673467,11.07294074,2.240171459,Stratus,71.53643454,365.0455196
1/5/1998 13:00,39.73799486,-104.8935846,375.8666824,793.0861272,-184.9298962,21.5665833,86.7148575,1015.760507,17.72777759,2.728988888,Cumulus,71.10615183,332.2060065
1/5/1998 13:30,39.71268602,-104.74792,365.0455196,704.8361421,-133.3488961,13.43742801,26.59644448,1014.670419,11.22775488,4.535336794,Cirrus,0,468.3497013
1/5/1998 14:00,39.93409366,-105.0263045,332.2060065,642.2032939,-121.9002975,8.285093371,35.49425374,1026.483079,6.024686767,2.851394143,Cirrus,75.37707408,695.2661159
1/5/1998 14:30,39.70008667,-105.0935081,468.3497013,404.7340949,182.1594782,8.538100542,47.04771381,1020.607843,5.87827916,0.906478669,Stratus,56.86654546,12.5048649
1/5/1998 15:00,39.73874738,-104.965617,695.2661159,455.2270918,373.3719523,11.26973646,34.43695199,1018.683933,10.18890615,2.14647291,Clear,73.43701433,150.1468909
1/5/1998 15:30,39.83115806,-104.8062214,12.5048649,751.7563879,-519.0671748,21.78651216,49.58025429,1009.468128,20.24372753,3.471138659,Clear,37.84478529,339.0811574
1/5/1998 16:00,39.80662741,-104.9518465,150.1468909,597.5046627,-272.3527078,17.81659615,80.76937513,1007.704934,13.87048377,3.998344756,Stratus,59.40237374,77.5771561
1/5/1998 16:30,39.82079159,-104.9374282,339.0811574,529.0490288,-35.01299842,2.749936776,70.84400566,1015.773898,0.540076127,3.175065705,Overcast,79.75492304,530.1700988
1/5/1998 17:00,39.73357629,-105.1043462,77.5771561,946.7704092,-591.8906204,23.70692312,100,1018.953893,21.65066985,3.4340924,Cumulus,27.99688918,296.0538198
1/5/1998 17:30,39.57202571,-105.0221549,530.1700988,783.1921616,-23.63038964,14.99193799,51.54286667,1019.081562,14.33630419,2.940569975,Stratus,71.71260153,374.9770362
1/5/1998 18:00,39.83860191,-104.8554352,296.0538198,74.18267142,243.5987497,19.19331693,46.47853496,1021.495875,15.8991502,4.527540311,Cirrus,33.15473832,414.6405804
1/5/1998 18:30,39.63707695,-105.1753556,374.9770362,123.4343643,287.6957602,28.53284536,59.25983733,1011.968374,26.7325084,2.701842572,Cumulus,42.8227506,363.1977058
1/5/1998 19:00,39.64609794,-104.928759,414.6405804,564.2578588,15.6500221,6.258742102,46.23302405,1019.171175,4.879912354,4.251802679,Cumulus,34.9815766,252.6637943
1/5/1998 19:30,39.67177385,-104.8794032,363.1977058,20.12037055,348.9704553,21.86120807,64.35762087,1014.445109,21.57889195,1.80045724,Clear,32.24107276,218.3135047
1/5/1998 20:00,39.89468919,-104.8767559,252.6637943,312.8463694,31.44800501,26.18981667,79.2511575,1012.006392,23.86798052,1.454450086,Cumulus,85.43490799,708.6500142
1/5/1998 20:30,39.63522852,-105.0437867,218.3135047,289.903124,13.32103986,-3.867572378,75.1088741,1008.234642,-5.861640432,3.166191579,Stratus,84.45235892,167.8021873
1/5/1998 21:00,39.74053841,-104.8547167,708.6500142,1.967627974,707.2586911,25.4635003,40.3536419,1008.780705,22.99410657,4.088501002,Cirrus,74.69973895,478.4623975
1/5/1998 21:30,39.71509405,-105.1018002,167.8021873,359.0347639,-86.07372895,25.13735169,55.28541361,1011.027241,22.73931448,3.261211209,Cumulus,35.1258605,439.019611
1/5/1998 22:00,39.940628,-104.9908273,478.4623975,237.2062964,310.7322167,5.939124432,74.67014935,1005.944994,3.957343716,2.395579154,Stratus,43.84985557,711.6121063
1/5/1998 22:30,39.81959088,-104.9985313,439.019611,292.0899208,232.4808473,17.58933917,66.3395847,1010.800807,14.74655256,1.280520125,Stratus,55.8873985,222.8833746
1/5/1998 23:00,39.7373778,-104.8909224,711.6121063,319.474894,485.7092423,21.97982981,76.98667405,1018.901101,20.25896054,3.533739275,Stratus,39.81547653,195.8510157
1/5/1998 23:30,39.54643603,-105.0163243,222.8833746,497.1861176,-128.6803007,12.48892157,56.72449562,1015.997159,8.40753483,3.585460427,Clear,50.22785597,452.1392775
1/6/1998 0:00,39.69290987,-104.8494544,195.8510157,334.6391061,-40.77456546,35.53061764,56.26995528,1010.92851,33.31138534,4.69450707,Cirrus,77.57752338,277.9680752
1/6/1998 0:30,39.80927843,-104.9613827,452.1392775,525.400934,80.62471426,37.79351148,46.59482673,1006.437293,35.0519509,4.022583918,Clear,90,533.9504318
1/6/1998 1:00,39.91990474,-104.8601173,277.9680752,228.1810756,116.6196893,11.95344103,59.53773452,1013.532293,10.13296672,3.480405534,Cirrus,50.6111179,302.4956429
1/6/1998 1:30,39.61439063,-104.881024,533.9504318,731.5386204,16.67451256,13.87994926,75.06916056,1007.461774,12.37995045,2.655943947,Cirrus,58.54138733,469.5569244
1/6/1998 2:00,39.70162998,-104.9946301,302.4956429,512.0031529,-59.54525849,-0.013249576,71.7250218,1016.805004,-2.697001243,3.637579118,Stratus,82.71767109,340.893416
1/6/1998 2:30,39.83309466,-105.1002291,469.5569244,495.3050786,119.3233445,19.36328596,58.71584992,1019.997109,17.70178903,3.501478172,Cirrus,77.11804564,595.4776536
1/6/1998 3:00,39.61656693,-104.99219,340.893416,814.8149668,-235.2677724,3.367420964,32.17778619,1008.406569,0.625687294,2.972232069,Cirrus,62.29382446,537.0684577
1/6/1998 3:30,39.73966485,-105.0062583,595.4776536,495.7879609,244.9026244,12.61477406,47.27722541,1010.097179,11.24501372,1.555278737,Cirrus,46.65265125,278.2329861
1/6/1998 4:00,39.78230488,-105.001129,537.0684577,443.449044,223.5026316,33.17164585,83.91812583,1016.043536,31.78158922,0.103332828,Cirrus,76.65893751,413.5892882
1/6/1998 4:30,39.67157771,-105.0504164,278.2329861,262.2209048,92.81480616,15.18010872,78.68958713,1013.928408,12.94148991,3.030405831,Stratus,69.20724041,448.7156962
1/6/1998 5:00,39.72595456,-104.8866437,413.5892882,554.0691362,21.8032447,24.24958261,68.91912198,1017.379471,22.47039235,2.724593592,Cumulus,51.6915216,416.8165075
1/6/1998 5:30,39.76910029,-104.9270776,448.7156962,630.4507587,2.91968949,32.34391797,40.02091398,1003.865985,29.69936381,3.112779116,Stratus,90,630.1203857
1/6/1998 6:00,39.71085597,-105.0255188,416.8165075,504.0329011,60.41142519,19.03002664,50.48808075,1009.445037,16.46166255,3.796388353,Overcast,78.980392,165.8817058
1/6/1998 6:30,39.87963815,-104.8478323,630.1203857,227.5104508,469.2462032,19.24454564,84.81369578,1008.931161,15.35558115,3.355355973,Clear,34.15957005,325.0283557
1/6/1998 7:00,39.68786944,-105.1131767,165.8817058,533.8949018,-211.6389998,22.07005114,100,1011.349805,18.802335,2.52842284,Clear,41.71263945,489.9554232
1/6/1998 7:30,39.59272503,-105.0572255,325.0283557,11.18736316,317.1176953,18.51234039,68.37568853,1022.242605,15.6271889,3.279962605,Cirrus,50.15309457,320.2802794
1/6/1998 8:00,39.83302228,-105.0989958,489.9554232,464.454649,161.5363913,18.6871818,68.30753141,1008.988941,16.34423347,1.586362695,Overcast,53.36699859,694.9262426
1/6/1998 8:30,39.87128804,-104.8960246,320.2802794,700.1910729,-174.8295763,11.53261416,47.41303276,1010.42496,8.953849548,3.312889494,Cumulus,80.30416443,547.3228623
1/6/1998 9:00,39.71427159,-105.0331513,694.9262426,72.61575185,643.5791521,32.63238182,60.22319237,1007.828234,32.16317913,3.185009455,Cirrus,55.20668573,265.3523308
1/6/1998 9:30,39.62728513,-104.8634835,547.3228623,14.13510653,537.3278326,13.10693737,66.69544366,1011.430819,11.17410512,4.519827631,Clear,31.63821421,463.5927044
1/6/1998 10:00,39.78168507,-104.9343114,265.3523308,623.0370631,-175.2014015,17.19982786,98.38690553,1012.88829,15.68546919,2.373975911,Cumulus,56.61111023,583.5478619
1/6/1998 10:30,39.74204117,-105.0001918,463.5927044,568.6275476,61.51230952,-0.161976374,27.86294591,1016.407951,-1.718413398,4.575414409,Cumulus,87.56664181,777.831906
1/6/1998 11:00,39.61944256,-105.0535634,583.5478619,820.4805815,3.380478893,11.36598165,73.9872646,1015.840543,10.16924155,2.181554996,Clear,86.39414692,555.1634554
1/6/1998 11:30,39.80548566,-105.033796,777.831906,397.1097233,497.0329277,13.30392234,44.79573117,1015.2134,10.54407745,3.344747725,Clear,25.19955038,478.4578587
1/6/1998 12:00,39.75246158,-104.9776134,555.1634554,541.8839365,171.9936493,14.34340167,99.21100808,1010.961897,12.03169164,2.411043346,Cirrus,49.6413959,344.0340816
1/6/1998 12:30,39.77832312,-104.7437242,478.4578587,541.3645057,95.6553456,-2.991635128,100,1008.119697,-5.994963823,1.579086877,Stratus,90,624.3659254
1/6/1998 13:00,39.68065716,-105.0285029,344.0340816,599.0836959,-79.58206232,11.46011309,90.75738307,1017.079127,7.490011996,3.077842633,Stratus,90,105.3225004
1/6/1998 13:30,39.70393014,-105.0454563,624.3659254,585.9155982,210.0610328,18.1770755,37.97085645,1022.873356,15.22963222,3.52101991,Cirrus,33.25757607,570.9142917
1/6/1998 14:00,39.76248084,-105.0190474,105.3225004,115.1470261,23.90125736,30.99238324,70.09488105,1012.701602,28.38128595,3.187469648,Cirrus,65.25598808,230.8944159
1/6/1998 14:30,39.80916638,-104.9481278,570.9142917,595.2486008,150.0099697,31.16561604,38.72690274,1005.120929,32.11484657,2.538092786,Cumulus,82.92289509,587.5657012
1/6/1998 15:00,39.90274536,-105.1423112,230.8944159,499.1013912,-122.0235623,12.32791699,34.4156547,1019.680354,11.67326161,1.746057267,Cirrus,69.44304074,28.30311562
1/6/1998 15:30,39.85632036,-105.0521413,587.5657012,531.9145838,211.445292,3.834548569,92.96640908,1017.264362,3.410451653,2.301073628,Cirrus,33.40633073,409.2180968
1/6/1998 16:00,39.79160252,-104.9421383,28.30311562,694.9259454,-463.0837328,11.023357,100,1013.475088,9.179428798,3.553756171,Clear,74.31392787,440.0224048
1/6/1998 16:30,39.76881571,-104.9488411,409.2180968,247.8502936,233.9614735,5.204673271,100,1013.5526,4.060591974,2.616790073,Cirrus,76.66289567,157.1175268
1/6/1998 17:00,39.74682548,-104.8878802,440.0224048,448.2967539,123.0287302,8.968833271,48.05750654,1016.61208,5.086630345,2.934859029,Cumulus,59.17684155,316.2331621
1/6/1998 17:30,39.66716807,-105.1623949,157.1175268,132.1648039,63.66289765,29.41970655,59.26327788,1009.651739,27.77357635,3.01528925,Stratus,63.64825251,292.6510897
1/6/1998 18:00,39.65524728,-104.9609171,316.2331621,487.105701,-28.20258218,16.02008312,52.86498099,1011.333108,14.97974011,3.01693656,Clear,25.94450068,807.5261819
1/6/1998 18:30,39.85150344,-105.0305533,292.6510897,576.6204237,-115.081122,5.239728846,54.0482758,1010.026041,4.197633974,3.027661381,Cumulus,45.25227601,405.2489203
1/6/1998 19:00,39.75693387,-104.9337388,807.5261819,474.4389448,472.0471868,26.27847866,69.92514971,1019.162966,23.34295914,4.01098093,Stratus,23.93754216,492.440986
1/6/1998 19:30,39.69427179,-104.903699,405.2489203,510.383316,44.35341651,20.5826586,62.23183252,1016.106511,19.48682124,3.745181083,Stratus,75.3808479,374.8100311
1/6/1998 20:00,39.67639613,-104.9041982,492.440986,32.25109326,469.6360192,15.27791904,26.24717895,1012.109203,12.88435456,2.450541856,Overcast,90,659.9523172
1/6/1998 20:30,39.41525281,-104.8936538,374.8100311,158.667318,262.6152946,36.92195713,36.11038846,1006.471508,35.26007757,2.914867885,Cirrus,73.83431248,608.5694139
1/6/1998 21:00,39.64528121,-104.924342,659.9523172,595.380842,238.9544865,22.26485293,77.0757375,1010.125549,20.87268746,2.489771305,Stratus,50.75987512,196.5867631
1/6/1998 21:30,39.71252586,-104.9666072,608.5694139,962.1961775,-71.80602801,22.46800921,50.09070585,1010.873061,21.06850855,2.558732696,Overcast,79.49381492,384.6313431
1/6/1998 22:00,39.62405569,-105.2125356,196.5867631,977.0886609,-494.3192548,38.3810777,92.74697491,1008.134994,34.96770371,2.744503588,Clear,27.66300306,451.7233452
1/6/1998 22:30,39.77161362,-104.9517549,384.6313431,477.2140015,47.19008659,11.91192633,72.20696385,1003.534511,8.565944942,2.531408988,Stratus,83.17046453,185.7737327
1/6/1998 23:00,39.55827753,-104.9168673,451.7233452,709.0185538,-49.62848218,9.566419748,68.59067986,1018.171006,7.68899722,1.842522845,Overcast,84.77302991,618.6807767
1/6/1998 23:30,39.91837794,-104.9687458,185.7737327,1016.148557,-532.751803,8.065241337,58.96794565,1017.469913,6.091735147,3.256665725,Stratus,14.19799547,248.0510931
1/7/1998 0:00,39.70393371,-105.0375161,618.6807767,854.847924,14.21201276,8.521569888,48.04279074,1018.356752,6.214730433,2.913173512,Clear,16.27302419,750.0394218
1/7/1998 0:30,40.00661823,-104.9443876,248.0510931,300.8631043,35.30875183,18.62007343,55.07802421,1015.66447,17.22795773,3.507311233,Overcast,0,381.878242
1/7/1998 1:00,39.63916228,-105.05418,750.0394218,602.7992676,323.795972,13.35462845,64.0982137,1016.059496,11.02844296,4.073695702,Overcast,90,265.4112947
1/7/1998 1:30,39.75386972,-104.8321975,381.878242,612.3578369,-51.124137,38.41719239,58.00763346,1012.53508,37.18640811,3.812663694,Stratus,41.32315963,684.0932364
1/7/1998 2:00,39.79380048,-104.9239273,265.4112947,532.418926,-111.0657383,18.52977032,42.88986765,1015.438278,13.58781787,3.115752701,Cumulus,33.99035042,555.5361688
1/7/1998 2:30,39.63894178,-105.2045287,684.0932364,478.6284948,345.6517821,5.093444022,51.36280347,1007.380483,3.084903201,2.61059798,Overcast,62.7616561,733.0373539
1/7/1998 3:00,39.87445113,-105.1559676,555.5361688,98.17995344,486.112458,10.84804775,33.90619229,1014.554101,10.06275138,1.548257007,Clear,43.88183115,583.5939673
1/7/1998 3:30,39.73707443,-105.1064216,733.0373539,702.3591211,236.3944566,27.09821039,53.08126153,1011.441596,23.56541763,3.534490755,Overcast,72.9072456,359.7858448
1/7/1998 4:00,39.77587709,-104.985848,583.5939673,613.9142404,149.4910448,19.73520915,58.89590957,1007.942655,17.10322097,2.520497102,Stratus,48.58796675,112.3629304
1/7/1998 4:30,39.81270335,-105.0685835,359.7858448,191.0643494,224.6829477,40.93984695,56.33762003,1011.829753,38.23832498,2.871302223,Clear,54.40601415,350.3112043
1/7/1998 5:00,39.77274139,-104.9711487,112.3629304,155.7342399,2.242193338,13.40157901,59.26609934,1009.876336,11.47751173,3.353212722,Stratus,75.55483384,410.9824973
1/7/1998 5:30,39.73932503,-104.9473904,350.3112043,476.5912372,13.3103087,4.031734041,32.84686007,1011.123913,1.378283059,2.223143932,Stratus,36.95769323,539.617606
1/7/1998 6:00,39.59249723,-104.9059032,410.9824973,432.6868489,105.0266924,14.2108411,43.77613558,1008.64663,13.76706747,4.089437372,Stratus,48.44477027,585.6807889
1/7/1998 6:30,39.63031763,-105.0146774,539.617606,32.84002879,516.3961989,-3.293759463,40.64779937,1014.592419,-6.380208559,1.816285892,Cumulus,90,172.6155674
1/7/1998 7:00,39.63517615,-104.948894,585.6807889,485.4237994,242.4343286,15.31863608,37.03202519,1008.285658,12.90138424,3.476494207,Stratus,54.6510291,278.4570608
1/7/1998 7:30,39.66074897,-104.9886311,172.6155674,262.5137925,-13.00971545,11.10512337,65.18082769,1014.029458,7.728071143,3.804553465,Overcast,78.15203652,559.4143012
1/7/1998 8:00,39.62233636,-105.0490021,278.4570608,302.4405058,64.59932828,9.660819335,55.44950205,1023.563473,7.041322173,2.435758771,Cirrus,54.85887138,16.62982978
1/7/1998 8:30,39.7207301,-105.0106002,559.4143012,424.7937658,259.0397488,-10.55694758,74.76445973,1015.160853,-11.2298247,4.309732699,Clear,56.22893694,474.5334313
1/7/1998 9:00,39.80686657,-104.9946047,16.62982978,777.6584778,-533.2577533,25.43843549,93.93412098,1010.877968,22.3869551,5.876767526,Cumulus,64.99820722,675.7605077
1/7/1998 9:30,39.85309747,-105.0096335,474.5334313,568.1665504,72.7790107,0.12901316,79.43340255,1008.068781,-2.711365805,2.03036916,Cumulus,58.34277586,374.1970332
1/7/1998 10:00,39.93202604,-105.0628174,675.7605077,281.0715229,477.0129278,18.78070072,77.13320924,1013.647065,15.48760549,2.652490074,Cirrus,58.9130147,287.1830411
1/7/1998 10:30,39.66891792,-104.9980185,374.1970332,669.8401208,-99.45145854,17.94877904,59.05850622,1011.561621,16.29836843,2.161919422,Stratus,51.09514754,653.2575287
1/7/1998 11:00,39.51630806,-104.9052298,287.1830411,701.3975055,-208.7798914,9.885500751,53.03551072,1015.571079,7.404870273,2.350788041,Clear,18.84462767,805.9895855
1/7/1998 11:30,39.73861606,-104.9689652,653.2575287,371.4824314,390.5797824,7.41885389,61.10526724,1012.267368,6.72016039,3.526258251,Overcast,68.57324461,416.7205856
1/7/1998 12:00,39.63574323,-104.9293242,805.9895855,81.1412994,748.6140225,18.48724516,42.47462198,1013.874944,16.91966544,2.396963452,Overcast,60.26650562,83.49743518
1/7/1998 12:30,39.65450361,-105.1752192,416.7205856,728.0303353,-98.07460147,7.900511821,54.81289098,1016.945433,5.675925085,3.485910185,Overcast,43.42173557,844.5019448
1/7/1998 13:00,39.70541276,-104.8796101,83.49743518,870.2329199,-531.8501637,23.5190573,64.18671931,1006.445167,22.00937372,2.315537624,Overcast,44.33677619,623.015635
1/7/1998 13:30,39.6500528,-104.994165,844.5019448,559.0263805,449.2106003,17.82243919,61.1487349,1016.892624,14.90627608,4.043367373,Cumulus,66.97500475,433.4975986
1/7/1998 14:00,39.75879145,-104.8530649,623.015635,383.3334387,351.957961,8.25862235,63.04176693,1016.123647,5.945471228,1.904497118,Stratus,55.45204174,107.3293128
1/7/1998 14:30,39.60061759,-104.8137582,433.4975986,683.3647037,-49.71421738,14.04261642,44.39176246,1017.84566,11.95003583,2.23288704,Overcast,87.46905683,40.97599662
1/7/1998 15:00,39.93282619,-104.9106071,107.3293128,548.9233,-280.8180749,26.48425757,46.91636458,1018.987272,25.67113189,2.495040554,Cumulus,61.36360457,37.20963302
1/7/1998 15:30,39.68875206,-104.9215586,40.97599662,266.4175316,-147.4096466,21.56365819,65.64862965,1016.142935,20.74219487,1.214649141,Cirrus,61.02737055,272.7836296
1/7/1998 16:00,39.83690086,-105.1800094,37.20963302,549.4992173,-351.3449898,15.94595625,51.95225069,1016.237765,13.65213358,3.98946186,Clear,28.22349261,770.1132215
1/7/1998 16:30,39.63924649,-105.0423672,272.7836296,671.5784752,-202.0940643,19.9740155,84.56541629,1007.631399,16.87893996,2.203830423,Cumulus,40.34970696,546.2395496
1/7/1998 17:00,39.78271018,-104.8986582,770.1132215,669.2448021,296.8856837,10.0375621,72.17642678,1014.018092,6.915932788,4.165279829,Overcast,79.21702111,356.898061
1/7/1998 17:30,39.7780464,-105.0193725,546.2395496,790.9964052,-13.07937245,-2.057843985,54.20868904,1015.137547,-4.849286063,3.472546207,Clear,69.05914818,255.8064882
1/7/1998 18:00,39.94451311,-104.7052783,356.898061,976.4775158,-333.5758121,10.57440307,84.6979444,1009.905625,8.194032481,3.996652793,Overcast,25.48331959,328.7045363
1/7/1998 18:30,39.71172262,-105.0230507,255.8064882,420.7082454,-41.67916503,-0.06733406,86.4536289,1008.513061,-0.608427591,2.010415667,Cirrus,70.34355365,606.0667774
1/7/1998 19:00,39.83061888,-105.0117846,328.7045363,13.20724126,319.3656064,20.34701056,66.03520505,1010.648073,19.98838282,3.606849348,Clear,40.48466052,547.12256
1/7/1998 19:30,39.7938314,-104.9456789,606.0667774,712.9157058,101.9592474,15.65192988,62.31508559,1014.996694,15.08179476,3.877550127,Stratus,61.63947757,435.9546847
1/7/1998 20:00,39.89018322,-104.9950708,547.12256,512.7608938,184.5458548,18.70875437,48.69496062,1005.035595,18.33775146,4.114432404,Cumulus,79.75098455,824.1223074
1/7/1998 20:30,39.65603832,-104.813767,435.9546847,503.4981124,79.92775508,16.61739439,90.33173233,1015.760056,15.01343896,2.892870745,Cirrus,34.43505127,717.4716553
1/7/1998 21:00,39.74693882,-105.0461942,824.1223074,90.22780948,760.3216115,23.09451533,58.85269022,1020.432997,21.11852917,3.15014059,Overcast,31.2685457,707.003071
1/7/1998 21:30,39.73404956,-104.9997532,717.4716553,860.4479075,109.043105,4.938321837,73.65911326,1012.423384,2.594103923,3.415250837,Cumulus,48.6467113,607.651948
1/7/1998 22:00,39.85130026,-104.8712035,707.003071,497.7301362,355.0547165,20.27940796,71.60859341,1016.567666,18.38059005,3.101900366,Cirrus,21.30556205,624.8198275
1/7/1998 22:30,39.86336738,-104.8793831,607.651948,801.0771978,41.20482915,0.130444313,64.19341714,1014.312643,-1.996150122,2.795382697,Clear,58.52901837,376.7378831
1/7/1998 23:00,39.62081293,-105.110482,624.8198275,670.9782483,150.3665581,14.04843453,51.18934064,1012.633708,13.45410858,1.855624185,Overcast,40.23055238,432.1431518
1/7/1998 23:30,39.83977268,-104.9312542,376.7378831,661.2352815,-90.82606839,18.46678965,38.83835282,1012.03164,17.24098869,3.180170385,Clear,31.74684609,439.410072
1/8/1998 0:00,39.83651291,-105.1424649,432.1431518,588.7794087,15.81323932,28.48559302,32.56061767,1023.893758,25.2477252,1.670654276,Overcast,52.6094083,606.8853239
1/8/1998 0:30,39.82280943,-105.0156877,439.410072,824.1279988,-143.3364245,9.796027998,85.58381928,1012.160839,8.535506867,4.159236526,Stratus,60.09080153,615.1834367
1/8/1998 1:00,39.67466701,-105.076207,606.8853239,37.40494104,580.4360364,22.3488915,86.22759089,1009.57957,20.94006731,3.160981414,Cumulus,57.74273826,375.3499853
1/8/1998 1:30,39.73982642,-105.0318957,615.1834367,710.2241429,112.9791291,7.930643359,46.15187786,1018.941032,6.27352451,1.635650315,Clear,53.2303867,260.2890031
1/8/1998 2:00,39.81902422,-104.9573804,375.3499853,1031.109812,-353.7547547,13.30300978,90.36954471,1010.423578,12.01013523,2.917403191,Clear,90,105.2626262
1/8/1998 2:30,39.78730013,-105.0595837,260.2890031,216.0304533,107.5324046,9.959721352,29.72092388,1017.143982,7.459365803,3.948886286,Stratus,44.57395378,271.8457803
1/8/1998 3:00,39.7698666,-104.8660286,105.2626262,619.2572575,-332.6183798,5.474999729,82.1398816,1012.040476,1.101367748,4.310610125,Cirrus,69.89481363,329.4518849
1/8/1998 3:30,39.7556325,-105.0468051,271.8457803,416.1174074,-22.39366023,20.14212763,52.92455534,1025.378055,19.25435248,2.574180895,Cirrus,81.14733088,318.3580621
1/8/1998 4:00,39.91253983,-104.9354699,329.4518849,565.7631105,-70.60304709,0.675661631,84.64935672,1016.598482,-1.158679409,2.934982618,Overcast,90,175.1576164
1/8/1998 4:30,39.71608808,-105.0615939,318.3580621,222.0136152,161.3707293,21.00933744,53.56496921,1019.692019,20.96518073,2.26549604,Cumulus,57.71769753,424.6297993
1/8/1998 5:00,39.98685935,-104.9500838,175.1576164,723.1808249,-336.2084489,11.87830357,78.90448787,1017.292734,9.382766546,2.631027741,Clear,90,586.1075372
1/8/1998 5:30,39.79293618,-104.9321262,424.6297993,372.2859646,161.3838692,13.56215775,57.53340775,1009.399232,13.09595041,3.150975169,Cumulus,45.09585954,224.0855651
1/8/1998 6:00,39.7840262,-105.1227702,586.1075372,568.7437781,183.944955,22.75057549,64.4408148,1014.001006,21.67372975,3.651093242,Clear,80.85235135,165.3669213
1/8/1998 6:30,39.62590791,-105.0310234,224.0855651,339.5552709,-16.01626956,16.07846178,74.7658699,1016.529747,15.00028338,3.183635759,Cirrus,53.25880141,537.8737818
1/8/1998 7:00,39.60552884,-104.8540861,165.3669213,204.002623,21.11528318,23.82193339,71.1730196,1014.074427,21.9166447,2.350987777,Stratus,54.57268982,158.265527
1/8/1998 7:30,39.79880719,-104.9043479,537.8737818,41.67677652,508.4038506,37.34143262,74.18608536,1014.463016,35.55077619,3.85210051,Overcast,72.38696968,535.9443264
1/8/1998 8:00,39.71238097,-105.0347404,158.265527,712.7076131,-345.6948592,26.62332926,54.79210842,1016.257669,26.43843985,4.257928777,Clear,62.81141164,648.8583227
1/8/1998 8:30,39.86418995,-105.0347544,535.9443264,576.4519634,128.331234,19.11116702,73.50717601,1011.20861,17.72043323,4.757389974,Cirrus,53.10842327,205.5245631
1/8/1998 9:00,39.82528525,-105.0902343,648.8583227,606.0165875,220.3398842,11.60355222,94.39777245,1019.062449,8.395233758,3.404564341,Cirrus,70.96558902,195.0283395
1/8/1998 9:30,39.76537706,-105.1114786,205.5245631,203.653987,61.51944782,20.62239049,55.77935853,1004.686529,18.81903137,1.179075029,Stratus,59.97441318,159.6912102
1/8/1998 10:00,39.72950373,-105.3085692,195.0283395,576.1887964,-212.3986657,4.79797868,46.55057664,1012.699736,4.072031799,2.763373644,Clear,66.81695008,448.3268907
1/8/1998 10:30,39.73353779,-104.876718,159.6912102,959.3147323,-518.6467423,7.297896372,99.30581383,1013.203964,4.789416479,3.56345373,Clear,71.77227011,706.3054388
1/8/1998 11:00,39.88871367,-104.9303397,448.3268907,267.8216819,258.9483632,35.80943733,31.02400331,1019.538301,32.50408526,3.105758559,Stratus,38.51026087,53.46041638
1/8/1998 11:30,39.62071579,-104.9443034,706.3054388,457.4817557,382.8169871,3.66853916,69.44013739,1008.725213,1.574430233,2.543953854,Cumulus,39.72662419,214.5393208
1/8/1998 12:00,39.70155075,-104.9941515,53.46041638,211.6240451,-96.18038097,8.72072743,64.89096679,1016.693626,7.299567769,3.938112733,Cumulus,90,604.7768462
1/8/1998 12:30,39.76701133,-104.7345726,214.5393208,305.5921943,-1.546992082,13.7306031,48.23521075,1010.05484,10.65948172,3.528202533,Cirrus,83.82294993,190.3851672
1/8/1998 13:00,39.71556014,-105.1591003,604.7768462,423.9860302,304.9734492,15.39447183,54.97902938,1004.119672,13.50598433,1.986406817,Stratus,59.13662448,244.5093254
1/8/1998 13:30,39.79874398,-104.9331053,190.3851672,3.916597781,187.6157143,8.369395851,65.59987225,1004.348343,8.196914332,3.381181461,Cirrus,42.76170032,732.1642063
1/8/1998 14:00,39.78490333,-105.1198178,244.5093254,417.7381266,-50.87613667,19.29983095,77.05167522,1016.641338,17.08682643,1.314327339,Stratus,49.14837207,386.7746855
1/8/1998 14:30,39.79156568,-105.0461159,732.1642063,391.5726394,455.2805377,21.94382603,61.70660253,1024.581099,18.95170895,1.828059006,Overcast,90,398.8214158
1/8/1998 15:00,39.66677646,-104.9631799,386.7746855,322.5511378,158.6965886,21.82406073,39.95210464,1018.505301,19.47584868,1.212408834,Clear,60.60520363,41.73505886
1/8/1998 15:30,39.71617937,-105.0706863,398.8214158,253.2951548,219.7146942,6.073247976,59.54540547,1012.028163,3.846855446,3.805887279,Clear,49.46434558,277.8962089
1/8/1998 16:00,39.69251552,-105.0703861,41.73505886,422.4506074,-256.9826303,6.847954456,82.60438119,1016.540598,1.891868258,3.020260598,Clear,67.02146579,581.9943877
1/8/1998 16:30,39.73934053,-104.9099875,277.8962089,401.4745595,-5.989174659,7.323204717,58.73412225,1005.716244,5.184794265,3.715183978,Cirrus,61.9857174,495.1694308
1/8/1998 17:00,39.79226998,-104.9089289,581.9943877,362.7743126,325.4742112,12.51977188,38.70427393,1013.490852,11.16525376,3.112533215,Cirrus,64.57107172,591.0740485
1/8/1998 17:30,39.66830134,-104.9603743,495.1694308,622.5041109,54.99255263,10.11179233,37.95397791,1007.49825,8.651919172,2.034543922,Stratus,47.10876507,401.5282798
1/8/1998 18:00,39.80904363,-104.9414648,591.0740485,407.9475174,302.6115926,-2.971525612,54.28021163,1008.188636,-5.818589742,3.256618623,Cirrus,48.80961125,544.4388674
1/8/1998 18:30,39.66436867,-104.8355468,401.5282798,740.071818,-121.7815213,16.19092286,86.84942435,1012.095401,14.97429634,3.533562948,Cirrus,68.86662257,286.0564163
1/8/1998 19:00,39.64613388,-105.0557104,544.4388674,96.3897932,476.280991,38.66422568,81.5328529,1012.637507,35.59414208,1.173003154,Cumulus,57.84478758,135.8970491
1/8/1998 19:30,39.69451865,-105.0362187,286.0564163,840.4880027,-308.2583499,10.84645043,59.5631696,1009.590767,8.057262515,4.575820238,Overcast,16.84087474,342.6579106
1/8/1998 20:00,39.71596529,-105.0881582,135.8970491,468.7973812,-195.5927582,15.77223627,39.19246676,1015.887834,14.32566854,4.682904123,Cirrus,76.6253001,541.1589971
1/8/1998 20:30,39.81704416,-104.9115201,342.6579106,807.122413,-228.0638209,26.32367028,70.36797571,1011.056304,26.46699682,3.147694416,Clear,65.40386392,128.2315506
1/8/1998 21:00,39.59285631,-105.0739159,541.1589971,395.8845052,261.2263789,2.730711227,49.37823182,1005.193262,0.4235765,1.879046037,Clear,68.47727417,389.9105233
1/8/1998 21:30,39.81050269,-105.0034937,128.2315506,574.165783,-277.764968,15.90955108,65.11500325,1011.321386,14.42537423,1.544319278,Stratus,42.91062401,286.600326
1/8/1998 22:00,39.86073768,-105.0983436,389.9105233,249.32251,213.6128858,19.39085355,100,1006.703028,16.63748457,1.539734787,Cumulus,64.83721251,23.35632051
1/8/1998 22:30,39.72583798,-105.1338369,286.600326,650.8906053,-173.6488348,27.05738469,64.66930146,1017.233952,26.10064133,1.64175414,Cirrus,59.58169206,620.7018479
1/8/1998 23:00,39.76899812,-104.9701555,23.35632051,677.8732675,-455.9724637,21.25216261,42.48143807,1023.964806,18.99141673,3.990494251,Stratus,56.48760468,474.0045346
1/8/1998 23:30,39.50970338,-105.0693845,620.7018479,417.3999254,325.5555302,8.37971478,58.32185602,1006.896212,6.127654377,2.830985399,Clear,90,361.8563642
1/9/1998 0:00,39.76326551,-105.2049973,474.0045346,311.212021,253.9444041,16.95031804,43.72668219,1002.135639,14.62181406,2.578172798,Overcast,90,555.3023128
1/9/1998 0:30,39.73444908,-105.0001364,361.8563642,773.3830155,-185.0080105,31.94273459,50.02689796,1014.125043,30.88605384,2.158488221,Cumulus,68.51648199,293.3927564
1/9/1998 1:00,39.75703543,-105.0597262,555.3023128,720.6375726,45.73459838,13.98149621,83.40468634,1011.551062,12.15965605,4.591572266,Cirrus,78.92953222,657.4655475
1/9/1998 1:30,39.83306789,-105.080457,293.3927564,142.6970651,192.4906941,12.17486723,67.46281516,1022.034566,11.6673878,3.943644002,Overcast,67.58906432,270.6293373
1/9/1998 2:00,39.73339858,-105.1108446,657.4655475,679.620558,176.9012423,40.01165828,81.01821295,1017.538795,38.39604362,0.626427385,Stratus,71.26023969,217.1518129
1/9/1998 2:30,39.7589074,-104.8793451,270.6293373,436.4399165,-37.9802873,23.27406855,69.59961815,1013.796307,20.06271652,3.870094267,Cumulus,74.37117817,542.9455511
1/9/1998 3:00,39.88678104,-105.141249,217.1518129,474.6616923,-118.4846885,16.94816994,62.84494479,1011.463452,13.77662522,3.934334185,Clear,70.54366212,523.5554869
1/9/1998 3:30,39.91958843,-104.8762332,542.9455511,643.279401,88.07832442,5.652122374,64.80602954,1014.698738,2.841513338,3.049813981,Stratus,45.9433932,562.2592942
1/9/1998 4:00,39.76659286,-105.058092,523.5554869,419.115641,227.195975,23.79393519,47.01975831,1019.803882,23.35486104,1.50110256,Overcast,39.07396528,335.4165597
1/9/1998 4:30,39.55380684,-105.0182904,562.2592942,15.29642369,551.4430893,4.480500718,60.89565506,1013.727231,2.732051334,0.973677499,Cirrus,73.24622567,204.9036437
1/9/1998 5:00,39.64530016,-104.9645473,335.4165597,436.3895611,26.84254178,21.25447459,100,1011.65222,18.74954952,2.30746888,Stratus,75.90114903,152.5944972
1/9/1998 5:30,39.60133926,-105.0342189,204.9036437,660.4984574,-262.1392945,15.37468735,57.71763376,1014.00733,13.1171369,3.183821448,Clear,44.88418014,353.6321033
1/9/1998 6:00,39.73720632,-104.9374241,152.5944972,695.5856897,-339.2588609,25.52356147,71.15385021,1012.296191,22.25324367,3.946718826,Clear,23.84053272,923.150878
1/9/1998 6:30,39.78690584,-105.1695486,353.6321033,182.5924333,224.5197556,13.13088114,54.05962183,1019.323463,11.96726228,2.317285125,Cumulus,71.70560079,344.0357008
1/9/1998 7:00,39.71432742,-104.8234019,923.150878,557.1533104,529.1839941,-1.376895955,54.28394627,1009.62214,-5.210551505,4.431517207,Clear,78.53401729,252.1858388
1/9/1998 7:30,39.64739581,-104.9520816,344.0357008,637.2895535,-106.5960641,19.57422715,41.69343087,1005.80091,17.97983814,4.013304269,Overcast,60.94051605,544.3385764
1/9/1998 8:00,39.88686776,-105.0193005,252.1858388,519.4697026,-115.1347105,20.28360808,62.48042296,1005.356447,17.28935726,4.200953074,Cumulus,30.19236135,606.6410863
1/9/1998 8:30,39.70148523,-105.0001051,544.3385764,232.060534,380.2469991,17.210859,41.49980009,1014.511005,16.44450828,3.663997747,Clear,42.11109791,22.97965808
1/9/1998 9:00,39.93446368,-105.018534,606.6410863,670.1475715,132.7751941,7.635075037,70.56455025,1007.355284,6.328730934,3.554698402,Clear,64.65875274,208.165269
1/9/1998 9:30,39.69743414,-104.9452623,22.97965808,734.0007491,-496.037249,4.601079788,53.72756814,1012.009902,2.162317348,4.00242291,Stratus,37.85690986,738.8680493
1/9/1998 10:00,39.73037684,-104.9199762,208.165269,272.3423415,15.59015247,19.96467133,68.91754294,1021.322619,17.63956981,3.553989491,Overcast,44.01153088,702.2631429
1/9/1998 10:30,39.70369403,-105.3285061,738.8680493,825.1468551,155.4011126,9.554481618,87.90982151,1019.07305,8.465334752,2.235611385,Cirrus,35.4943476,696.265457
1/9/1998 11:00,39.78996127,-105.0051579,702.2631429,296.8099732,492.3867981,7.77483581,82.34368917,1008.591935,5.733042597,3.50898698,Overcast,65.85792803,280.7783131
1/9/1998 11:30,39.90038615,-104.8672748,696.265457,348.1300064,450.1003687,12.172929,43.36831032,1013.550259,8.019511547,2.371099271,Cumulus,79.07970469,465.0393367
1/9/1998 12:00,39.63985817,-105.2305296,280.7783131,610.6752191,-151.0342754,21.76392025,32.96445074,1008.824364,21.8073363,3.947096026,Overcast,60.56599729,390.8809745
1/9/1998 12:30,39.69906049,-104.9924542,465.0393367,434.6814334,157.6731475,17.34822129,49.61970786,1019.41879,14.58707429,2.386370103,Overcast,83.78658071,765.6840192
1/9/1998 13:00,39.81355059,-104.904638,390.8809745,634.4540144,-57.74576143,11.6829588,59.72479492,1011.732068,10.07108087,4.282018724,Clear,57.56850368,273.4140781
1/9/1998 13:30,39.64030738,-105.0914459,765.6840192,441.8610988,453.2410399,20.09419087,73.36881566,1011.351005,18.03593934,2.824739284,Cumulus,50.01207184,163.6328068
1/9/1998 14:00,39.5903213,-105.0756535,273.4140781,320.2979158,46.92924982,35.53659936,75.27453237,1016.174071,33.68614173,3.717735054,Clear,61.78287785,683.5778821
1/9/1998 14:30,39.84094755,-104.9494659,163.6328068,544.0019091,-221.0346321,15.81434474,57.15958037,1005.335088,14.44361027,1.870029173,Clear,54.22364098,161.8056242
1/9/1998 15:00,39.68658537,-104.8561368,683.5778821,567.4965366,282.2972328,-2.221461124,64.21421942,1014.800969,-3.372147252,3.591307609,Overcast,50.10366918,309.4544011
1/9/1998 15:30,39.63172917,-105.1680964,161.8056242,493.7724326,-187.3442113,15.30114066,48.75189765,1012.534279,14.16661442,2.577679888,Stratus,83.74414849,456.2449295
1/9/1998 16:00,39.8275218,-104.991257,309.4544011,685.322542,-175.1418157,15.67970116,59.05323261,1013.880606,14.31785054,2.722638568,Clear,69.02173497,351.7302944
1/9/1998 16:30,39.70282143,-105.0290002,456.2449295,84.73052877,396.3313981,10.15899132,35.51102798,1013.293644,6.168678929,4.47231727,Cirrus,46.08141521,396.3189416
1/9/1998 17:00,39.68491485,-105.0068129,351.7302944,915.9816282,-295.9665264,6.735010904,100,1020.174796,2.552577229,0.229331699,Stratus,57.24081459,588.4011141
1/9/1998 17:30,39.68188177,-104.9170318,396.3189416,618.9951334,-41.3767147,8.039465086,50.3633888,1009.517097,5.715013974,3.109338023,Stratus,54.9225957,263.4313703
1/9/1998 18:00,39.7491149,-104.8380682,588.4011141,482.0367851,247.5496346,8.518193967,81.82788818,1008.804389,7.183063264,1.427821284,Cumulus,78.16570184,484.5991837
1/9/1998 18:30,39.75160784,-105.1502711,263.4313703,499.5676039,-89.81627014,26.69444523,58.02806054,1011.231805,25.10806934,3.242756761,Cumulus,27.4542425,29.04415786
1/9/1998 19:00,39.84094159,-104.8814855,484.5991837,598.4006728,61.46601004,29.92301799,52.30763707,1007.459796,27.05886987,3.392677094,Cirrus,66.54533803,335.0700302
1/9/1998 19:30,39.70633319,-104.9972807,29.04415786,870.8447275,-586.7360543,12.42148871,67.16155453,1015.363948,11.72923905,3.990693979,Overcast,64.5674975,338.663872
1/9/1998 20:00,39.66949318,-104.9523721,335.0700302,162.1697245,220.3987183,21.58955309,33.66186064,1014.187953,20.77427958,1.702172145,Clear,35.36358937,148.0762334
1/9/1998 20:30,39.74996586,-104.9591251,338.663872,103.578567,265.4227649,13.80995965,85.32170056,1013.496706,11.91171617,3.996357942,Cirrus,47.34942669,519.49475
1/9/1998 21:00,39.88602354,-104.9149368,148.0762334,376.3735994,-118.060091,6.02383065,56.38525656,1008.763285,2.697381075,3.638657384,Cumulus,79.77597977,121.2881473
1/9/1998 21:30,39.74101157,-105.0232882,519.49475,280.5425003,321.1212456,12.89682146,91.97297906,1013.752387,12.38053997,3.109181774,Stratus,90,340.7651274
1/9/1998 22:00,39.7311853,-104.9227542,121.2881473,228.7077895,-40.43268149,23.61915497,68.10221022,1018.878756,20.85184309,2.765793728,Cumulus,63.06535623,162.0561105
1/9/1998 22:30,39.70924886,-105.0477047,340.7651274,397.5575377,59.64949651,17.91929206,18.35431328,1018.480198,14.43322187,3.191818581,Overcast,32.13195669,208.0101733
1/9/1998 23:00,39.84753103,-105.0808059,162.0561105,590.7734196,-255.6837806,4.666808664,64.76121644,1005.962378,1.220717179,3.723703714,Cirrus,85.08079853,830.4396122
1/9/1998 23:30,39.40992711,-105.0146213,208.0101733,264.6163649,20.8981472,12.0719875,51.92781397,1011.359617,11.04485933,2.273956619,Stratus,43.08878589,518.6312314
1/10/1998 0:00,39.88692785,-105.085125,830.4396122,237.8104445,662.2822342,15.40549274,100,1010.76906,12.92221763,2.408273633,Overcast,68.38938626,98.20524455
1/10/1998 0:30,39.6017389,-105.0690406,518.6312314,524.9323915,147.4479777,18.17793087,73.18903822,1015.086716,16.34026658,2.393292421,Stratus,60.58939886,407.2819943
1/10/1998 1:00,39.59466762,-105.1324963,98.20524455,841.938154,-497.1349335,14.2161451,53.55078208,1012.014935,11.91783935,1.500904481,Cumulus,45.08460795,573.3089611
1/10/1998 1:30,39.71780186,-104.9560978,407.2819943,680.385874,-73.82347105,17.24149969,67.75083504,1022.331693,15.61226727,2.336803853,Cumulus,76.44770829,426.9137706
1/10/1998 2:00,39.62867143,-105.0039764,573.3089611,230.4567007,410.3514653,14.65762022,49.4961778,1021.157198,11.61543547,3.466576487,Cirrus,53.98617752,338.191733
1/10/1998 2:30,39.69143271,-105.1688008,426.9137706,1015.143945,-290.9013966,23.62825646,52.75285818,1016.522304,22.32582893,3.057411492,Clear,30.66821986,424.1266523
1/10/1998 3:00,39.71528711,-104.9589162,338.191733,446.496276,22.4711885,15.3454675,72.63971736,1015.128989,15.20056722,1.586379059,Stratus,49.42938666,367.9390182
1/10/1998 3:30,39.85449701,-105.0142036,424.1266523,303.0420308,209.8435773,21.28653332,65.85820364,1005.80599,20.44037552,3.674757289,Cirrus,63.5265529,352.91635
1/10/1998 4:00,39.86425464,-104.9279802,367.9390182,353.007238,118.3252064,27.93434135,45.03453495,1006.554035,24.23125677,3.548455402,Cumulus,43.37120699,462.2802183
1/10/1998 4:30,39.76777186,-104.9845572,352.91635,781.7447589,-199.8606702,15.16840451,61.12360171,1019.520485,13.21177794,1.990760209,Clear,69.16614943,258.4931259
1/10/1998 5:00,39.61926733,-104.86424,462.2802183,715.8390432,-43.89442336,4.039796391,53.08504532,1014.18202,1.248936274,3.520802583,Clear,51.32233306,141.7484434
1/10/1998 5:30,39.73521475,-104.8813615,258.4931259,606.4853465,-170.3567753,4.429663174,68.50911159,1012.804785,1.367235975,3.834048448,Cirrus,26.77173701,373.5423747
1/10/1998 6:00,39.81229952,-105.1304902,141.7484434,744.7790904,-384.8899019,20.48298074,54.75786213,1024.561825,18.28589878,3.774082265,Clear,82.84967534,461.4598882
1/10/1998 6:30,39.83322152,-104.8827906,373.5423747,630.8807403,-72.55767489,19.88877606,40.33419264,1013.474434,17.35732007,2.22677892,Overcast,83.63462473,258.4573156
1/10/1998 7:00,39.80594661,-104.986756,461.4598882,807.0651573,-109.2213574,23.26651755,68.38327986,1019.496379,23.7090103,3.866305269,Stratus,70.70150594,60.09011732
1/10/1998 7:30,39.77043301,-105.0344624,258.4573156,375.7012562,-7.203590347,13.61742965,13.77856422,1005.118807,11.54325355,3.166495845,Clear,29.66537434,433.0393153
1/10/1998 8:00,39.59948729,-105.071034,60.09011732,954.8593988,-615.0974387,10.63667279,22.40474915,1010.517489,9.622324492,1.720291969,Clear,90,349.5006669
1/10/1998 8:30,39.67972654,-104.8429505,433.0393153,636.8218269,-17.2617169,9.178454334,78.17205171,1015.472486,6.197827512,1.612570193,Clear,60.62317728,515.9550029
1/10/1998 9:00,39.80626796,-105.0388413,349.5006669,1013.590675,-367.2161725,25.31958521,55.98898613,1010.404315,23.88896655,4.488228989,Overcast,60.79099826,543.986569
1/10/1998 9:30,39.65159568,-104.8956505,515.9550029,1028.635398,-211.4000621,0.344004267,70.47933236,1016.311493,-1.405722351,2.888699526,Cirrus,47.19457755,475.1665034
1/10/1998 10:00,39.83730592,-105.1432003,543.986569,533.235205,166.9323396,26.79636986,49.36938063,1005.111619,23.72239669,2.728206215,Clear,55.2860982,603.1856356
1/10/1998 10:30,39.69454997,-105.0313866,475.1665034,684.3279152,-8.726405975,5.690321209,61.86502217,1008.452809,2.341229735,0.111290758,Clear,74.81723291,368.1049007
1/10/1998 11:00,39.73371272,-104.9511923,603.1856356,675.9803145,125.1953713,3.878477783,51.30042912,1014.978198,1.637795262,3.715920229,Overcast,83.58222287,450.8033884
1/10/1998 11:30,39.79267031,-104.8537618,368.1049007,168.5027614,248.9554554,-3.604505687,37.89705383,1006.607254,-4.794705255,3.43576243,Cumulus,83.56467187,247.7014088
1/10/1998 12:00,39.64378398,-104.9027714,450.8033884,564.5249716,51.62395287,27.74794616,68.99155056,1017.874345,25.67613768,2.974166171,Cumulus,17.75927265,351.2856727
1/10/1998 12:30,39.48612382,-104.922733,247.7014088,426.3127385,-53.74721957,19.72950526,40.00319899,1014.625713,17.27762024,3.303814725,Cumulus,89.81732518,653.129391
1/10/1998 13:00,39.92779693,-105.1802653,351.2856727,235.593432,184.6959594,-6.371599524,71.69614055,1012.777673,-7.235219372,2.80522443,Cumulus,82.18332928,230.6332095
1/10/1998 13:30,39.68827066,-105.0473501,653.129391,689.6595455,165.4664497,19.51748755,46.70895421,1010.645204,17.03470431,3.636268576,Stratus,78.76439558,264.9755493
1/10/1998 14:00,39.70437943,-104.9575919,230.6332095,705.192211,-268.012985,12.60483448,75.09171478,1017.998595,11.85157947,5.27678896,Overcast,27.06076738,480.1641047
1/10/1998 14:30,39.85648614,-104.9520898,264.9755493,393.0959149,-12.98523783,15.26388557,35.17426814,1008.450995,12.51884989,2.322512847,Cumulus,69.87260737,273.1342896
1/10/1998 15:00,39.80202972,-104.9749903,480.1641047,418.0377195,184.5667985,8.178877499,25.00262022,1019.937168,4.493534445,2.791538693,Overcast,41.5607165,730.9868301
1/10/1998 15:30,39.7545363,-105.047154,273.1342896,47.55136673,239.5103958,2.13859112,36.69004129,1016.857182,0.667439024,1.926594058,Stratus,90,428.4298131
1/10/1998 16:00,39.8272586,-105.0370709,730.9868301,445.5253683,415.952821,4.447396674,55.33222993,1009.915337,5.263211009,2.630076517,Cumulus,82.3758889,690.7372515
1/10/1998 16:30,39.76806358,-105.0965658,428.4298131,183.2830548,298.8291222,27.20014917,58.94661429,1007.238707,26.16202376,4.412388426,Stratus,66.15214522,668.7945591
1/10/1998 17:00,39.71645263,-104.965143,690.7372515,648.5312042,232.1564392,29.64009931,75.92011147,1011.271786,28.0157548,4.475894215,Overcast,48.47321845,691.1371987
1/10/1998 17:30,39.69062044,-105.0384894,668.7945591,619.8553509,230.4906371,6.672580281,73.78487788,1015.317172,4.797187749,1.967871958,Cumulus,81.34237075,517.2129206
1/10/1998 18:00,39.81198398,-105.1072858,691.1371987,662.1887587,222.8990369,21.23048041,65.42835355,1017.394771,18.72324813,2.474724621,Stratus,76.16447375,440.8237638
1/10/1998 18:30,39.61480252,-105.058841,517.2129206,516.8671502,151.7326537,11.73933319,53.9154527,1007.181815,8.637328991,1.210544373,Stratus,90,339.9790144
1/10/1998 19:00,39.70109204,-105.0197857,440.8237638,469.5576339,108.7963767,15.14222908,79.02326641,1006.021018,13.04535671,3.216496401,Stratus,90,76.95360682
1/10/1998 19:30,39.80305339,-105.2117773,339.9790144,321.3431815,112.7550717,4.138235216,75.80086453,1008.863861,0.095407164,3.709450653,Clear,78.3253629,264.575177
1/10/1998 20:00,39.71835151,-104.8831908,76.95360682,1036.562215,-656.0065642,14.44909009,76.82914459,1018.023489,11.28297889,2.637739551,Clear,79.45720645,382.8381166
1/10/1998 20:30,39.76589416,-104.8877296,264.575177,412.680057,-27.23368974,22.16075777,74.81461203,1013.035465,20.28814744,3.148893861,Cirrus,69.17728267,485.6798251
1/10/1998 21:00,39.73370625,-105.1121269,382.8381166,171.0448813,261.8911211,17.83622982,57.13921673,1016.888333,14.91209167,3.365767483,Clear,37.16426068,531.7235087
1/10/1998 21:30,39.88107141,-105.1320485,485.6798251,849.7172259,-115.1609874,-4.096205963,47.45543547,1010.663654,-7.310371654,3.343940108,Clear,45.16610273,470.3906109
1/10/1998 22:00,39.74194326,-105.0409083,531.7235087,403.0594195,246.71746,14.17869423,40.52233304,1011.487907,11.81864134,4.08862911,Stratus,76.20188137,509.1267
1/10/1998 22:30,39.75044526,-104.949787,470.3906109,609.8917543,39.13201569,19.93069586,81.89220901,1006.493476,17.05971241,2.233556756,Stratus,59.05846226,611.0806533
1/10/1998 23:00,39.67270994,-104.9384823,509.1267,174.8483797,385.4902251,-1.141671044,42.31120526,1017.604493,-3.764813821,2.936179515,Cumulus,87.41768896,343.2723137
1/10/1998 23:30,39.81373815,-105.083965,611.0806533,150.5025304,504.6592935,21.76424874,58.46358663,1014.960445,19.20291023,3.981827264,Cirrus,73.35351224,587.0887365
1/11/1998 0:00,39.63704303,-105.0665669,343.2723137,668.1373271,-129.172121,12.78874082,83.46929151,1005.734376,8.530924021,2.973486735,Cumulus,44.55064746,22.10497282
1/11/1998 0:30,39.76561346,-104.9091225,587.0887365,551.1667159,197.3550142,6.896247742,40.48436616,1015.210562,5.584607903,3.107166435,Cumulus,71.3019502,6.087269975
1/11/1998 1:00,39.74299098,-104.9826652,22.10497282,484.0800107,-320.1912854,18.48573221,11.30553373,1015.821675,16.09721776,2.415225301,Clear,68.88783863,44.59536695
1/11/1998 1:30,39.75922546,-104.9346851,6.087269975,336.2049848,-231.6455546,2.860906203,61.32641544,1014.544419,-0.17930872,3.810222489,Overcast,71.19956941,638.5575455
1/11/1998 2:00,39.68643237,-104.9546928,44.59536695,1005.597999,-666.4697973,38.04289216,55.41237065,1014.55562,34.9537954,4.029170011,Stratus,50.31454441,159.6839995
1/11/1998 2:30,39.56726829,-104.9059285,638.5575455,313.3483419,416.9868081,17.66799751,47.39800149,1018.966999,16.80499034,2.694184198,Overcast,68.27255115,205.4737212
1/11/1998 3:00,39.67055535,-104.8835348,159.6839995,741.3551968,-364.5332874,13.57401777,53.1946732,1014.269832,11.18164774,2.953993232,Overcast,37.30943762,542.5160295
1/11/1998 3:30,39.81243146,-104.9239946,205.4737212,477.0400116,-131.8445059,24.1276533,38.87746919,1011.53902,22.17612002,1.715568779,Clear,90,316.3066698
1/11/1998 4:00,39.75649411,-104.9090758,542.5160295,475.7947197,206.0783567,-13.91853487,58.55954434,1009.590878,-16.99863342,4.133462126,Stratus,44.78474026,293.011984
1/11/1998 4:30,39.73011312,-104.9770248,316.3066698,603.5114601,-110.4403762,-4.775079441,62.24708732,1018.367001,-5.234661385,3.674232091,Cumulus,59.09375052,559.0860102
1/11/1998 5:00,39.7056216,-105.1468534,293.011984,521.7343091,-75.90988393,19.33468774,47.30485709,1002.860383,16.95218788,2.10500557,Clear,54.75136002,638.30377
1/11/1998 5:30,39.684698,-104.9921204,559.0860102,487.9143255,214.078482,12.39649837,71.71895353,1012.900975,10.90689118,4.385623551,Stratus,14.23836831,464.1887165
1/11/1998 6:00,39.73296903,-104.9198427,638.30377,318.9727067,412.7560061,2.382445282,31.08433696,1020.130032,-1.128849355,2.728077588,Cirrus,73.61856483,601.6609587
1/11/1998 6:30,39.66329456,-104.8953482,464.1887165,145.7815354,361.1056043,-15.88938198,81.28668662,1014.358239,-18.61779625,2.820985637,Cirrus,75.92456388,568.0946027
1/11/1998 7:00,39.74954673,-105.1800185,601.6609587,279.0690092,404.3293699,18.67411787,54.61442921,1007.252629,16.53189953,2.697947825,Clear,90,775.2079752
1/11/1998 7:30,39.70609277,-104.9368168,568.0946027,282.6518792,368.2295422,7.173427751,43.25566706,1009.998929,6.350360087,2.699426159,Overcast,47.25846438,18.90557282
1/11/1998 8:00,39.82902312,-104.9646789,775.2079752,438.1620391,465.3806261,17.83884932,48.95083635,1016.483607,16.71532174,3.1969654,Stratus,44.29734116,274.5607412
1/11/1998 8:30,39.77211914,-104.7308893,18.90557282,700.9069587,-476.7104907,24.02808693,58.30142676,1004.827264,21.94447466,2.246106966,Stratus,87.17387911,320.7259063
1/11/1998 9:00,39.81906908,-104.9600849,274.5607412,433.2363389,-31.78361189,10.68781807,52.31782551,1007.968312,8.147638335,2.371373489,Clear,90,756.3442141
1/11/1998 9:30,39.73250004,-104.9795069,320.7259063,516.6107686,-44.57307139,15.83187699,14.18606439,1019.404706,14.36943331,2.966558529,Overcast,52.22153306,344.9838777
1/11/1998 10:00,39.5394977,-105.0257458,756.3442141,196.4553347,617.4293148,24.02555513,72.95790254,1011.595006,22.72282353,1.994985563,Clear,56.67879128,169.660894
