time,value
0,6.215586175857766
1,8.800147387204861
2,6.447869557076486
3,6.1111925913480185
4,2.599490252896873
5,1.105510877668739
6,3.989065741312288
7,4.43664064458289
8,7.15672723790966
9,7.371811639943924
10,5.034575549545928
11,7.142125520574392
12,7.700149626484325
13,9.67572526145276
14,12.08841818522105
15,8.930853959596362
16,7.686583562288549
17,5.746457044304051
18,4.24805660919977
19,8.06506124854549
20,8.811560468138163
21,10.617797594192467
22,10.741299229055414
23,8.245099966960089
24,10.354281351453853
25,12.310783339192332
26,13.206779897103484
27,14.829547127510013
28,11.358582427056982
29,9.11940513191265
30,8.960054184322482
31,8.160132924081793
32,11.788349992786433
33,13.206438935081172
34,12.266904476195203
35,13.98179396156929
36,12.03805957309232
37,13.823324732792953
38,17.25837181475114
39,16.635647988473337
40,17.01160135302632
41,13.92739733100345
42,11.001313033106712
43,12.421371760251928
44,12.434969723476058
45,15.289485268443123
46,17.13105774381103
47,15.026867212933565
48,16.373475779271168
49,15.955133076794567
50,17.499819428330884
51,20.990901382484115
52,19.47749156983409
53,18.67872804030938
54,16.702638298272003
55,13.64098662170115
56,15.997853813561894
57,17.2851304632168
58,18.501026003320913
59,20.333848721299645
60,17.85559763493196
61,19.041892638805816
62,20.60993689813819
63,21.267677176022637
64,24.977696134632236
65,22.962590069624806
66,20.589414810651384
67,19.205718192077796
68,16.748154450794075
69,19.57994846855771
70,21.87621441192974
71,21.666318986541764
72,23.39189083487591
73,21.522132569444395
74,22.26246941119318
75,24.77318223533888
76,25.088222453688807
77,27.490143789401166
78,25.271350260613364
79,21.79378342959777
80,21.767441752904258
81,20.54412957953948
82,23.400003700044056
83,25.86711489582592
84,24.880948817870664
85,26.429399617763238
86,25.11748703905581
87,25.211085048764748
88,29.384798132591385
89,29.161040905364846
90,29.91425135285724
91,27.7303821187264
92,23.696759434327394
93,24.595621328544702
94,24.938872205572288
95,26.78577743403184
96,29.863976545762448
97,27.82462823295343
98,28.283180483649733
99,28.74238452271805
100,28.996147250381856
101,33.37376195597385
102,32.6863045959066
103,31.26872656648709
104,29.99491212491169
105,26.265698013008254
106,27.569566767822426
107,29.638708985309233
108,30.286449583714823
109,32.91200162112088
110,31.07358904489677
111,31.084450467435317
112,32.89866159687032
113,33.26413918619867
114,36.42988360556633
115,36.47161569741523
116,33.07451671014349
117,32.3390726719111
118,29.657210004694907
119,31.086967123020806
120,34.10364288142811
121,34.109553958405634
122,35.937710766592616
123,34.603361713655566
124,33.926509307207226
125,36.95512839153434
126,38.13574721356363
127,39.59203166610375
128,38.95962456446859
129,34.819528904091605
130,34.33149274893914
131,33.72153647166511
132,34.616322584813794
133,38.36385279759898
134,37.48750207169849
135,38.178397024158606
136,38.17840319011033
137,37.03324951126032
138,41.09627009159669
139,41.82079560420524
140,41.82970295120067
141,41.999337043857295
142,37.01993559072851
143,36.619046297186486
144,37.73153773068275
145,38.32452749528302
146,41.97251094300126
147,41.35018562203212
148,40.75654883986235
149,41.69403449216404
150,41.47426629821466
151,44.61605196360061
152,46.135822903026
153,43.880532990316
154,43.27606928859944
155,39.65195505525128
156,39.353955787844164
157,42.16870721450997
158,42.482105833779556
159,45.08163800953071
160,44.61238941116923
161,42.94095984358312
162,45.09605100909789
163,45.54333328079311
164,48.10641976271785
165,49.59439583348722
166,46.72282431875194
167,45.10930662161487
168,42.78176680035329
169,42.83257818146849
170,46.23744137256926
171,46.52739123084667
172,47.98927945842994
173,47.86195239091714
174,45.91273844563608
175,48.79161404819958
176,50.1636788495186
177,51.127353869061025
178,52.39340369676408
179,48.230126541876565
180,46.80291083381731
181,46.500469858965594
182,46.51153887016747
183,50.685687032931426
184,50.69276823526074
185,50.37047985712465
186,51.07568776896148
187,49.41084621237456
188,52.401770452498916
189,54.67987520871661
190,54.44682619840353
191,54.5988808524155
192,50.70627188526609
193,48.73569327323236
194,50.259688126126825
195,50.47581032398979
196,53.75515449402916
197,54.292591558949354
198,52.702073341471994
199,54.072333710286
200,53.5675253304528
201,56.11601412793405
202,58.85628059197661
203,56.89075649834756
204,56.275499273009636
205,53.68036056782778
206,51.274085054585875
207,54.26227872400678
208,54.75293898509029
209,56.816195300280356
210,58.166130693427974
211,55.3704215530792
212,57.06144955179262
213,58.285086637685296
214,59.47276077386066
215,62.61907488468164
216,59.553914873334854
217,57.62014009097894
218,56.20361814755555
219,54.40416265401496
220,58.06011052938229
221,59.35361733698279
222,59.783963801223656
223,61.06478206737896
224,58.534168699510545
225,60.565868609371016
226,62.83843105335376
227,63.070486750380915
228,65.20965486143767
229,62.05148091969334
230,59.172652935400464
231,59.40508341104243
232,58.32267607070539
233,61.87738760953269
234,63.96752476056137
235,62.37428618181126
236,63.595325187262866
237,62.815289982104055
238,64.0560635691296
239,67.1186166229521
240,66.58923498267978
241,67.33310709057565
242,64.58558930362587
243,61.154906845875956
244,62.52810020718774
245,62.76063191261077
246,65.40234138088263
247,67.34197493225834
248,65.4167300263594
249,66.21372790675623
250,66.47944973504877
251,67.30701754222285
252,71.21747269077309
253,70.0593681242068
254,69.15482535120309
255,66.96839944763806
256,63.790403825259084
257,65.96783383501536
258,67.52654972659327
259,68.8510080604066
260,70.73539835017957
261,68.40068047860147
262,68.88803196496266
263,70.82294980485031
264,71.30825892720492
265,74.55267539297526
266,73.2979161633306
267,70.3601472429711
268,69.57359082085331
269,67.03297013072002
270,69.57143035251734
271,72.07265463805098
272,72.019601749182
273,73.65937512126948
274,71.84745156186229
275,72.11347331872543
276,75.03913004305889
277,75.35529211013751
278,77.59326192125623
279,76.21348668943175
280,72.103618453838
281,71.95271449838805
282,71.22125755070047
283,73.02046224286255
284,76.45034193885388
285,75.12648130036429
286,76.26506381333387
287,75.49640884942423
288,75.22493962496361
289,79.33849890602153
290,79.41050395910175
291,79.58421342605394
292,78.49458967503672
293,74.28662201418756
294,74.61562994097635
295,75.51822310049587
296,76.91329645618828
297,79.9108655661878
298,78.38793033173535
299,78.32539220925987
300,79.48967788439457
301,79.10265802506515
302,82.99210766731841
303,83.28281795186726
304,81.4983415853813
305,80.8099770174089
306,76.65380380465471
307,77.57845712852509
308,80.1304683358192
309,80.4564341280938
310,83.29807907052106
311,81.63794063304137
312,81.11284352468967
313,83.0814086939066
314,83.64166814334288
315,86.36204896837057
316,86.63949267151294
317,83.45075312998581
318,82.50782081755915
319,80.71131369138618
320,80.78999923872189
321,84.72649640972799
322,84.54860220220773
323,85.70202428183704
324,85.2270855218245
325,83.72647712387992
326,87.55763277499132
327,87.99214913094528
328,89.38747348238786
329,89.76523494586941
330,85.2395706472577
331,84.4724495775623
332,83.77876741210291
333,84.63475451344706
334,88.89401787981699
335,88.14889608487356
336,88.0817916326287
337,88.83888754446673
338,87.18916918234493
339,91.37158782440905
340,92.28145133647111
341,92.15565345338149
342,92.02768610391864
343,87.4419273747168
344,86.5936862414013
345,88.00931847563953
346,88.88796494638062
347,92.08443192740818
348,91.6741108729614
349,90.34232811220113
350,91.89162342537625
351,91.37820939540762
352,94.54252074910349
353,96.63974218406607
354,94.21800975879347
355,93.59507937586125
356,90.22234856206087
357,89.2735470914454
358,92.50765427341925
359,92.96713647918224
360,95.06047666175988
361,95.21467230569137
362,92.98070825396468
363,95.29978515531197
364,95.8852458586759
365,98.03507541552257
366,100.07551254489664
367,96.9015367628638
368,95.5253680571184
369,93.59869370415974
370,92.57832644423996
371,96.39654880155307
372,97.28690165622132
373,97.7065944571481
374,98.42945528475748
375,96.15138787917047
376,99.02345019062966
377,100.7913049022904
378,101.15524178222101
379,102.86045979697171
380,98.79698666664528
381,96.95322928103245
382,97.0600838329111
383,96.35611563434962
384,100.43308364799246
385,101.16400678422853
386,100.49803810146034
387,101.30411675600962
388,100.92276928144139
389,102.84502272077931
390,105.07199812582073
391,104.66382787740753
392,105.42275789779181
393,101.60214919681496
394,98.99269541258899
395,100.42980080543454
396,100.52788479857072
397,103.6337560739646
398,104.8054426951674
399,102.77160556610649
400,104.14890773262168
401,103.95716776450745
402,106.03516652376977
403,109.0957336935654
404,107.29809469437514
405,106.46296475781092
406,103.87146502695427
407,101.63865522953473
408,104.28673067410325
409,105.32299943702752
410,106.78560098463687
411,108.23862178449008
412,105.74712487816507
413,107.18883743328846
414,108.50956062915715
415,109.71361200736723
416,112.91982901830256
417,110.17435042693032
418,107.91924787700758
419,106.98592999167575
420,104.78933349195906
421,107.96105130466046
422,109.6601791562504
423,109.96431572768765
424,111.51386883529639
425,108.95231912252038
426,110.28763570520782
427,113.02609721364391
428,114.13165621729924
429,115.34330618199071
430,112.68071650470176
431,109.36949341609112
432,109.67222536403578
433,108.86799731081791
434,111.6082766101424
435,114.11858399506589
436,112.67231159195151
437,113.8934268692634
438,113.47283513958983
439,113.72720059957092
440,117.84354797317582
441,117.63917093936057
442,117.30234644339998
443,115.22747066834678
444,111.44835689878245
445,112.78789766285132
446,113.07032076235379
447,115.62608400261286
448,117.74627538787509
449,115.62651544550934
450,116.26212386674024
451,116.81897921069914
452,117.49744805292555
453,121.33094280281661
454,120.98428055876914
455,119.03300859357353
456,117.58828361201496
457,113.97679061846584
458,116.29215696191126
459,117.7816951403375
460,118.56504359016282
461,120.89218253266854
462,119.07839218609911
463,118.88839133105839
464,121.09510583670011
465,121.47691684267211
466,124.61797103776485
467,124.17946826270571
468,120.6112497703451
469,119.86097194140953
470,117.51574654095432
471,119.40338367268708
472,122.2470151747037
473,122.02515382126275
474,124.26009664297969
475,122.23559091819794
476,122.06282432304009
477,125.38515881569079
478,125.78832201541613
479,127.40148871268111
480,126.49453174607724
481,122.27918870058052
482,122.16019900610262
483,121.43369232122417
484,123.03932421233408
485,126.75598269897105
486,125.41993502567153
487,126.56437107448356
488,125.94662752536823
489,125.41590043524728
490,129.51500161964748
491,129.94613549794252
492,130.43814257104233
493,129.10702943786427
494,124.62947341551357
495,124.74326638018883
496,126.36024373357453
497,126.76571539310456
498,130.5239343963245
499,128.8930701320314
500,128.45239408459545
501,129.48870443668812
502,129.21721129133053
503,132.95236324416405
504,134.20473268088966
505,131.67363209722697
506,131.18103471741244
507,127.25461380236925
508,127.68986965405664
509,130.2737627347223
510,130.72851196694378
511,133.1480478613572
512,132.76889439426378
513,130.84633263153046
514,133.4531908564822
515,134.3339306496478
516,136.31224990275447
517,137.60755237396813
518,133.722375495103
519,132.72937977237314
520,130.48747793898326
521,130.8103741123319
522,134.51749506661525
523,134.51041172669935
524,135.9073422096614
525,136.3073990442404
526,134.16529857882855
527,137.1845014789035
528,138.192250738344
529,139.49002357875432
530,140.05430544410348
531,135.7178625183605
532,134.7475005174782
533,134.3899481312883
534,134.5657802240875
535,138.78666137946573
536,138.40531200249123
537,138.1784935921117
538,139.60872535547892
539,137.46293779627428
540,140.83000134169026
541,143.05225709330782
542,142.05704858829847
543,142.1972172093785
544,138.25602846517907
545,137.0028466035316
546,138.29789476445248
547,138.543820876511
548,142.19830118481028
549,142.15693801809027
550,140.6862823026433
551,142.04397735276117
552,141.86080660581237
553,144.4095231530955
554,146.79650288136753
555,144.65430663920372
556,144.27264221705573
557,141.66381631296164
558,139.45855456984805
559,142.5309333992068
560,143.0250731803361
561,145.0412743126837
562,145.74165931386983
563,143.7419732244381
564,145.30200444775414
565,146.16612893589263
566,147.9615669170072
567,150.22926580371228
568,147.09327179209785
569,145.36220335730997
570,144.30702888422383
571,142.53822123401045
572,146.3895689917538
573,147.66701084648113
574,147.96521032480234
575,148.67620843999762
576,146.5908872961812
577,148.57376050902414
578,151.20087025631176
579,151.8677788750555
580,153.27767624702668
581,149.4737696631123
582,147.15692168724615
583,147.3825242655762
584,146.61389169272167
585,150.17666486115004
586,151.6637654867698
587,150.4229515291252
588,151.5731220469462
589,150.1765780871423
590,152.11071589286487
591,155.83339547735338
592,154.7250968934971
593,155.8462029022494
594,152.20867671793664
595,149.1207964606594
596,150.70730893062637
597,151.27510846844478
598,153.89686814210305
599,155.4917604350389
600,153.1368491551236
601,154.6335711797762
602,154.50842346003733
603,155.73652126461963
604,159.39469163947112
605,157.82228232355433
606,156.61432562952186
607,155.13188797598
608,151.67267238256596
609,154.68263053706372
610,155.87496624056817
611,156.9865509679505
612,159.15159389962136
613,156.15195715435786
614,157.90661894211814
615,159.0534549601696
616,159.7378805211284
617,162.89149944599387
618,160.94147668974364
619,158.27205004829486
620,157.15282932186682
621,154.88862724119875
622,158.4328553745763
623,160.21270856205925
624,159.87281655491986
625,161.3879549072407
626,159.73448001163317
627,160.66369214989243
628,163.38574611355202
629,163.54172520156595
630,165.31799428717162
631,163.35580414637255
632,159.58739956444427
633,159.8398033065298
634,158.9620459520173
635,161.5586215052939
636,164.42986271369614
637,163.08956129661686
638,163.92856533706927
639,163.3177790031562
640,163.51152597741563
641,167.60286060329153
642,167.48431328428765
643,167.4972637280074
644,166.12306715751896
645,162.11604061528547
646,163.10767237802264
647,163.4774448140291
648,165.05328304855976
649,168.41654500144045
650,166.20116396106377
651,166.28912994225502
652,167.13904546381855
653,167.35377329591955
654,171.3975077979882
655,171.150766162008
656,169.31882514359154
657,168.57758176327272
658,164.3784372145531
659,165.8294817013352
660,168.1614776695105
661,168.6743536642803
662,171.1680582126836
663,170.09185940824835
664,168.98716345253925
665,171.231519008639
666,171.65161276893411
667,175.03982698896647
668,174.33497689007675
669,171.18456650070664
670,170.2053468119927
671,167.9241327209059
672,169.3197201733265
673,172.59336740615765
674,172.29336883020764
675,173.8008020735466
676,172.7865751359973
677,171.8513545067374
678,175.4963991577472
679,176.1037212966945
680,177.47204370162126
681,177.1117006947382
682,173.0670865505043
683,172.41180586474877
684,171.99186625191112
685,172.85083418240586
686,176.75746125488763
687,175.88899387623806
688,176.3442075723992
689,176.2272314519207
690,175.54221748861733
691,179.27867004868395
692,180.55787488354713
693,179.7582443026766
694,179.38464717812235
695,175.10365799482923
696,174.95055688282432
697,176.3266627682453
698,176.80181397872596
699,180.32534663615178
700,179.4523634381222
701,179.07997516524728
702,179.7965736310173
703,179.6447009879139
704,183.61593708103942
705,184.30547402276744
706,182.05084665710203
707,181.23452926895385
708,177.74417650974078
709,177.54463281986418
710,180.71298103042704
711,180.75246466537277
712,183.2967220883108
713,183.6714285226207
714,181.09769346274365
715,183.5280616833181
716,183.94590541976962
717,186.21908426420077
718,187.90987051816884
719,184.10343692714468
720,183.33017259035466
721,181.12421308530892
722,180.839521170889
723,185.0712234551176
724,184.93041937901654
725,185.81767772214272
726,187.182965692169
727,184.31519366974442
728,187.18317013561355
729,188.583220309178
730,189.4669234392795
731,190.39864939184477
732,186.25410118723576
733,184.687759306577
734,184.88251461446197
735,184.64011275218044
736,188.51408198889285
737,189.24871197889323
738,188.57888894827627
739,189.12701741009684
740,187.92236019875205
741,190.6639900611303
742,193.29112899678216
743,192.23482486151335
744,192.52359466670973
745,189.26712231754587
746,186.85488698975993
747,189.6528442053713
748,188.74408472573967
749,192.034421805228
750,193.0129312753905
751,190.73327689471276
752,192.33836788415323
753,192.2847473472321
754,194.25964902415097
755,197.38434556346982
756,195.18776110163105
757,194.1273543393618
758,191.69577146652958
759,189.55947992060055
760,192.5238885992111
761,193.4525573105436
762,195.06291897810402
763,196.1709679737449
764,193.95319551839165
765,195.32159025243647
766,196.57920883401238
767,197.93863148173807
768,200.5591962631686
769,197.75537390594292
770,195.6758052876613
771,194.40198181462247
772,193.2593679151235
773,196.38676573091138
774,198.36127197166195
775,197.90827419996796
776,199.03701528479007
777,197.66213330645868
778,198.60988857300163
779,201.44992074578894
780,201.96874644336066
781,203.18906605385564
782,200.30458150506428
783,197.25598328485984
784,197.58440009760312
785,196.9528020750977
786,199.9610417319129
787,201.9439234904979
788,200.619724844722
789,201.7202635170923
790,200.6558511735085
791,201.987905055112
792,205.5870426336343
793,205.09979398174912
794,205.58237063836165
795,202.63453108685286
796,199.21930819494287
797,200.96245013379777
798,201.2254350374386
799,203.98833934138906
800,205.70262728133122
801,203.6830118364143
802,204.3495225084911
803,204.87164794959367
804,205.68428380124647
805,209.89491697480335
806,208.43529420885352
807,206.7264093335787
808,205.15614490484015
809,201.87318525479304
810,204.84305360531079
811,205.85527051393018
812,206.97993815336483
813,209.21782266748997
814,206.51477363973933
815,207.0138688476344
816,209.20643511265627
817,209.71257227190614
818,213.05575874609173
819,211.49119276855194
820,208.20607751466164
821,208.0229335486082
822,205.57371613814138
823,208.07897439529654
824,210.69911475278522
825,210.28052715163057
826,211.62910434915676
827,210.17763214779822
828,210.07042923071384
829,213.59396683073416
830,213.7842247707574
831,215.51271444860927
832,214.00509482719934
833,209.90601413847187
834,210.10036921493986
835,209.85569532575295
836,211.51894739413396
837,214.59034963813488
838,213.39069113412438
839,214.21203148768018
840,213.67667312151178
841,213.74749009682745
842,217.7290531624631
843,217.87205325529817
844,217.66236280172095
845,216.39492246251928
846,212.37108123286433
847,212.90744196003644
848,214.10501025611845
849,215.42251403895114
850,218.2411606968901
851,216.53294420996693
852,216.47523623695702
853,217.51765292134422
854,217.56979933959917
855,221.364208472861
856,221.6976098264565
857,219.49649798243703
858,219.80011500564592
859,214.9246315807113
860,215.94871737805926
861,218.56026989430003
862,218.88671603269407
863,221.57605625919467
864,220.23902261905823
865,218.8959857858057
866,221.4740542570433
867,222.0485483423725
868,224.7554162746866
869,225.0413570837745
870,221.33203854023063
871,220.44641451270738
872,218.3528847138057
873,219.22852629278376
874,222.76068892065936
875,222.53680395704671
876,223.80182513527788
877,223.27581115784497
878,222.102185495839
879,225.35824698742803
880,226.33717911442662
881,227.4311029493737
882,227.62649551032803
883,223.24849563413386
884,223.41973996812803
885,222.3383855568578
886,222.97621918641929
887,227.04739373039186
888,226.51905751362122
889,226.09808523020791
890,226.64844080095722
891,226.2771219100958
892,229.26636805317662
893,231.75485107731868
894,230.65812446631514
895,229.96304925645785
896,225.64493641119844
897,224.68471337314875
898,226.4253541978574
899,227.07444997205116
900,230.23178701527638
901,229.8504523227672
902,228.45598191810683
903,230.1055776223775
904,229.8835007492884
905,232.80973354738893
906,234.87217103304624
907,232.3719084422939
908,231.81066847192855
909,228.51305491954014
910,227.69109574863936
911,230.66907408613076
912,231.37539892903837
913,233.41983544675
914,233.6195144588117
915,231.82948307055793
916,233.59883911352492
917,234.70644861705287
918,236.3320282787408
919,238.15823177387048
920,234.94592529730255
921,233.1019782058639
922,231.59953008660605
923,231.31039492512323
924,235.01081322755903
925,235.36068173774328
926,235.94456308305965
927,236.5363215883388
928,234.5514606407224
929,237.04425752961862
930,239.13215505279814
931,239.50945042363756
932,240.89260926068275
933,236.9875729712771
934,234.92921890033003
935,235.14740426323155
936,234.67248738326407
937,238.5483144935827
938,239.66926369330412
939,238.76631079442896
940,239.77487591464669
941,238.18425957290876
942,240.47517304134468
943,243.6425573262086
944,242.70901272360118
945,242.84941713684194
946,239.37702990386694
947,237.14846111541692
948,238.80130631427463
949,238.99896330176395
950,242.16721068172302
951,243.2417400438813
952,241.1024833212507
953,242.49333076653943
954,242.8812259065328
955,244.6399055446762
956,247.9864391326401
957,245.7062648818469
958,244.51795598891047
959,242.36393157459668
960,239.59085593270154
961,242.9880001920191
962,243.74059972446693
963,244.9580723860559
964,246.52844756461917
965,243.87906407733956
966,245.80784563370995
967,246.963868818454
968,247.93825327382467
969,250.85891710365777
970,248.19281370299845
971,246.44222555070198
972,244.95012810940798
973,243.54999646803304
974,246.22023667132484
975,248.09400824869442
976,248.03133182971538
977,249.27853165790142
978,247.56812492271615
979,248.4471051824977
980,251.87728281129307
981,251.8746466923165
982,253.406642926958
983,251.56629799338154
984,247.48614590693364
985,248.1691178382739
986,247.2384030308318
987,249.84182135013646
988,252.33497510202332
989,251.15748178184094
990,252.11457394045254
991,251.34719624264358
992,252.00160328677416
993,255.85240347410846
994,255.25476319577908
995,255.30640382257027
996,253.53197620959284
997,249.58951252571785
998,250.97956874453575
999,251.55880948488073
1000,253.51061491187872
1001,256.75416209569903
1002,254.39226824153334
1003,254.3696724632683
1004,255.16027111152292
1005,255.75571192152586
1006,259.7687962421327
1007,259.1097620301793
1008,256.96379680156423
1009,255.6275007483163
1010,252.27555054418062
1011,254.1726171578045
1012,256.2281943061798
1013,256.9704217015616
1014,259.6451204122829
1015,257.2708751277673
1016,257.1426913898647
1017,259.48588305237024
1018,259.8698517171306
1019,262.8306662956882
1020,262.1565516877815
1021,258.60060278841496
1022,258.0019492833107
1023,255.66251095903905
1024,257.54988729946535
1025,260.9907258682946
1026,260.32713838417766
1027,261.6912833258043
1028,260.595957857873
1029,260.51252700399255
1030,263.6195043783722
1031,264.0460189561825
1032,265.8309417411264
1033,264.7367928430902
1034,260.4189002578553
1035,260.29787330818345
1036,260.5410012649879
1037,261.39019681706264
1038,264.83717814636225
1039,263.7149967168659
1040,264.0291274877379
1041,264.40771623694417
1042,263.6003914586368
1043,267.66614977208445
1044,268.22916403008503
1045,267.6782348152767
1046,266.93070998448565
1047,262.5686907782085
1048,263.10859396450604
1049,264.3695452034521
1050,264.9997198345949
1051,268.9457942929485
1052,267.6827288673428
1053,266.49294127472785
1054,267.8675991517484
1055,267.76124268865067
1056,271.22464143756184
1057,272.08904548480854
1058,269.8373365063137
1059,268.87574027150185
1060,265.3960396534057
1061,265.7145207991344
1062,268.73091750748813
1063,268.9159607134151
1064,271.3036220727766
1065,270.6531624436581
1066,269.10065641392436
1067,271.6587267399646
1068,272.10727745877773
1069,274.50936144572347
1070,275.39172175243203
1071,271.6420797377122
1072,270.85356488194117
1073,268.8792498615619
1074,269.1047524113093
1075,273.37313481796514
1076,273.5380244194257
1077,273.9398686539697
1078,273.97204606173773
1079,272.14424943821206
1080,275.3718041069116
1081,276.9358132680269
1082,277.5150941511212
1083,278.6738127668698
1084,273.79058457579384
1085,272.580278614167
1086,272.82333002272065
1087,273.1375022272608
1088,277.2305774492375
1089,276.8465594009309
1090,276.4121895918299
1091,277.09341883853386
1092,275.828357213966
1093,279.13485991282664
1094,281.6147331132058
1095,280.1595789126595
1096,280.35444636803237
1097,276.5718835492223
1098,274.7241766979457
1099,276.73457294459354
1100,277.0357740029869
1101,280.35551382947443
1102,280.58546425099536
1103,279.1494605754004
1104,280.35036689856474
1105,280.06427881998553
1106,282.88931330129174
1107,285.77265771475993
1108,282.8053825250662
1109,281.82398269526186
1110,279.500367171303
1111,277.5185436800301
1112,280.83153835757093
1113,281.5282216864752
1114,283.43564722312755
1115,283.8239925211252
1116,281.47813320439093
1117,284.04252107724426
1118,284.8491353520183
1119,286.24878728145
1120,288.4246575873463
1121,285.2473748203049
1122,283.29923275975676
1123,282.26364237626063
1124,281.13296302615436
1125,285.03238837308487
1126,285.89830264324627
1127,285.92069707885145
1128,286.8381187142851
1129,285.1101602709875
1130,286.91179722144136
1131,289.53021121103967
1132,289.5710426575077
1133,290.98828341761714
1134,287.65498591909426
1135,285.005943636152
1136,285.44924885903345
1137,285.00510445738695
1138,288.51982805771115
1139,290.2762105947131
1140,288.5070521759203
1141,289.69584243247147
1142,288.64655551238167
1143,290.34290440135777
1144,294.04503744117625
1145,292.90886316055
1146,292.9419605917072
1147,290.34620780913696
1148,287.034462772533
1149,289.13962794940284
1150,289.3760731091174
1151,291.7741022558282
1152,293.744619636583
1153,291.4219100838651
1154,292.79261701758116
1155,292.97364532905107
1156,294.3434870748076
1157,298.28099506044003
1158,296.09820690392695
1159,294.80669175588395
1160,292.8922633730853
1161,289.7763345340275
1162,292.6442387217366
1163,294.32528175271307
1164,295.4967060212296
1165,296.74993671114305
1166,294.5344271800157
1167,296.0414811566623
1168,297.3583965711411
1169,297.9432439847633
1170,300.8532848068808
1171,298.8226074012915
1172,296.0280826601029
1173,295.7799402348801
1174,293.29882763720263
1175,296.2067191662858
1176,298.9567573685458
1177,298.0444214023232
1178,299.50733128928385
1179,297.7742547704922
1180,298.71862360766346
1181,301.77746708493305
1182,301.8927237092932
1183,303.5691032550577
1184,301.59036373535133
1185,297.5956178226986
1186,298.2656557648048
1187,297.4781956839669
1188,300.7801188043054
1189,303.21110508061497
1190,301.13923902205596
1191,302.0888654486852
1192,301.5552085055922
1193,302.02221996870503
1194,305.96834541035065
1195,305.8357492171559
1196,305.5802284269042
1197,304.337883836688
1198,299.86299041965634
1199,300.9535332963214
1200,302.5254746635601
1201,303.3231236883137
1202,306.27451973715773
1203,304.33122490069957
1204,304.4450877194007
1205,305.63426968688805
1206,306.21400240400294
1207,309.8929558398443
1208,309.34505725783276
1209,307.2385497284316
1210,306.43144676642805
1211,302.63845452893696
1212,304.12409385813015
1213,306.61277169458253
1214,306.9229689388206
1215,309.29111620296385
1216,307.7609969016947
1217,306.9996442952126
1218,309.7029767546176
1219,310.4687103632463
1220,312.8132147232819
1221,312.54168952633984
1222,308.9289452894533
1223,308.5291838253073
1224,306.75592478305407
1225,307.4376494714332
1226,311.01466856858445
1227,310.9190249786842
1228,312.1229128803044
1229,311.29674996323223
1230,310.2247653372279
1231,314.133424920926
1232,314.6205709655827
1233,315.85360825079533
1234,315.24134843316926
1235,310.75109512071003
1236,310.3589249620135
1237,310.2810424453259
1238,311.32152731557574
1239,314.97071756530914
1240,314.40348592521326
1241,314.1548279385089
1242,314.72989856782436
1243,313.81260675302275
1244,317.8241126481434
1245,318.71137877197435
1246,318.10641890121
1247,317.39357225899573
1248,313.11011372443085
1249,312.8589497517972
1250,314.5199292435241
1251,315.15835672037366
1252,318.4371347106473
1253,317.67884830645204
1254,316.4267832633018
1255,318.3397163198517
1256,318.1811306604101
1257,321.1276825199185
1258,322.7295982168157
1259,319.99594862288575
1260,319.3680644789679
1261,316.3202884094763
1262,315.9795560764544
1263,319.18820627671806
1264,319.82466405043834
1265,321.86386704644275
1266,321.1044152448582
1267,319.222031436838
1268,321.90119754568843
1269,322.6456351948154
1270,324.5465519205157
1271,325.89015841010365
1272,322.1927931240919
1273,320.86000765488325
1274,319.3359041198093
1275,319.01693511169924
1276,323.25188097160367
1277,323.3446130094381
1278,323.88368391501143
1279,324.349535404326
1280,322.35722074993765
1281,325.42922040634187
1282,327.2858758985441
1283,327.5877367025987
1284,329.16265805983755
1285,324.36066162310163
1286,322.8826553196899
1287,323.0465176831698
1288,323.64627354742373
1289,326.9236795964527
1290,327.38713840101514
1291,326.45187090962463
1292,327.4821211944755
1293,326.1605277556441
1294,328.92160386949274
1295,331.740319897204
1296,330.5147533499768
1297,330.49785228788363
1298,327.55486365797407
1299,324.85640390157715
1300,326.9527661393795
1301,327.5534704680215
1302,330.3261662127396
1303,331.16882602843043
1304,328.8705567104948
1305,330.44626658554444
1306,330.5759573220043
1307,332.5419984119639
1308,335.6621525965376
1309,333.3267662510599
1310,332.40557756465785
1311,329.67694903086294
1312,327.6759656771057
1313,331.00114022641606
1314,332.07391544374286
1315,333.1442941394632
1316,334.20796427767635
1317,331.9740601018361
1318,333.5270348496144
1319,335.12163761375285
1320,336.1520385612568
1321,338.6773080302742
1322,335.7166026336184
1323,333.46184829845123
1324,332.6386576330664
1325,331.0563174887848
1326,334.82117680302184
1327,336.12987273647406
1328,336.14919106156174
1329,337.5374948202504
1330,335.18519787311556
1331,336.7376180082598
1332,339.72200895379626
1333,339.87375682678396
1334,341.26005605570856
1335,338.2398003520873
1336,335.2051381615346
1337,336.27113406051143
1338,335.16149072579645
1339,338.3051462950122
1340,340.31750411959723
1341,338.87582892057236
1342,340.059614932469
1343,338.9688566020606
1344,340.47610742241335
1345,344.6968870207658
1346,343.2443639410083
1347,343.27337674904464
1348,340.83083635005585
1349,337.22291118349386
1350,339.73129519525685
1351,340.25931425330265
1352,342.4343352370464
1353,344.1559252953628
1354,341.7099030467059
1355,342.4829275540859
1356,343.1893982517517
1357,344.0682387559349
1358,348.5596456139033
1359,346.4498898793025
1360,344.68560282081546
1361,343.28211578291445
1362,340.6280393887116
1363,342.683250588383
1364,344.38803049058527
1365,344.9985793590119
1366,347.0852605079456
1367,344.815463312767
1368,345.2973421752582
1369,347.93792269369754
1370,348.0563467084647
1371,351.25242385183526
1372,349.50235009672565
1373,346.2898744189712
1374,346.0973729604481
1375,343.9020761306643
1376,346.2314302528316
1377,349.10899009953414
1378,348.4816215412889
1379,349.7476493526754
1380,348.29497976103727
1381,348.5527462084817
1382,351.8824577640291
1383,352.5561238796079
1384,353.7066260336933
1385,352.46872079228905
1386,348.04441730742417
1387,348.7901220577237
1388,347.96556480202776
1389,349.66792624990774
1390,353.22723765529446
1391,351.51536167051756
1392,352.98423193785527
1393,352.16415693889036
1394,352.1519117920785
1395,356.290416314406
1396,356.15844742428106
1397,355.58260426345043
1398,354.4898635288426
1399,350.85089676506107
1400,351.01104076020516
1401,352.5923119150164
1402,353.34958596749397
1403,356.4596101468652
1404,354.7951918311555
1405,355.06682636886984
1406,356.4266100447833
1407,356.04722313618305
1408,359.99192625934063
1409,359.8470698786398
1410,357.92468646513885
1411,356.5787396409837
1412,353.174470906339
1413,354.21160107993194
1414,356.92211760771545
1415,357.1262040682586
1416,359.44004424324845
1417,358.44046738253064
1418,357.59074162535944
1419,359.97482922427724
1420,360.59786323059234
1421,362.74886538198007
1422,363.46199503990323
1423,359.2307344654101
1424,358.9911687372548
1425,356.732739253195
1426,357.7415264551054
1427,361.2362257254985
1428,360.94285671982277
1429,361.861154834258
1430,362.14659702517366
1431,360.6831850059497
1432,364.0255906383374
1433,364.904936788682
1434,365.74821932586735
1435,365.7418050848252
1436,361.27577241199555
1437,360.4739312815195
1438,361.00507431336433
1439,361.23265635485853
1440,365.1468985085861
1441,364.9144570340426
1442,364.1748352603064
1443,365.29874721879474
1444,364.11229532467183
1445,367.53056182768586
1446,369.6429350446367
1447,367.9949950607592
1448,368.04448070018276
1449,363.7649616809407
1450,362.8151101102665
1451,365.0845043896467
1452,365.2527986541624
1453,368.6149946269463
1454,368.44016259606235
1455,366.66912717460855
1456,368.4223334015691
1457,368.6195603133297
1458,371.1072109865019
1459,373.1381875356831
1460,370.49049214648835
1461,370.11677479622915
1462,366.6828564896135
1463,365.9055709954775
1464,369.35293446098046
1465,369.8920783102235
1466,371.33924546462856
1467,371.66294558393207
1468,369.6680135128059
1469,371.8757209250576
1470,372.92876203114713
1471,374.41810989373937
1472,376.58430643780906
1473,372.73685839216097
1474,371.354630656333
1475,370.11541747939725
1476,369.15607806503624
1477,373.3079851651556
1478,373.80699598349645
1479,373.9606533090189
1480,374.8074097159273
1481,372.68437336387683
1482,375.24098840430776
1483,377.5739188172847
1484,377.82578634830253
1485,378.8001812516204
1486,375.36295933597444
1487,372.8265014264514
1488,373.79501519368836
1489,373.1753923081101
1490,376.8397841613582
1491,377.8222789046325
1492,376.5007824722252
1493,377.7950336633722
1494,376.8210086702383
1495,378.80670002611345
1496,381.9842428079426
1497,380.71336572674693
1498,380.7404708511792
1499,377.5206582812159
1500,375.1399564966868
1501,377.35623255874054
1502,377.9280228878396
1503,380.20225601221347
1504,381.5351289920384
1505,379.13078790799887
1506,380.5438771171604
1507,380.96708662864876
1508,382.875810269531
1509,385.9655788425048
1510,383.6426485945436
1511,382.39109186649677
1512,380.25778378177637
1513,378.33309478018356
1514,381.0131074872012
1515,382.07778440294055
1516,383.3098705453764
1517,384.8038716991698
1518,382.4539198797701
1519,383.5556174884986
1520,385.5921579078438
1521,386.1904271781488
1522,389.0363812729223
1523,386.5494586547636
1524,384.0813918772819
1525,383.16942350831505
1526,381.33293156707776
1527,384.58359460025554
1528,386.64406098089563
1529,386.36072395780496
1530,388.96562199469736
1531,385.61670193961635
1532,386.6694518323457
1533,389.99246838166624
1534,390.0587373493995
1535,391.35197013616545
1536,389.14911919943506
1537,385.2996446218871
1538,386.02072477646743
1539,385.54869822287327
1540,388.3970443940295
1541,391.27745966028306
1542,389.3432975547919
1543,390.0044809458234
1544,389.4847488008362
1545,390.29755590002685
1546,394.3406233356353
1547,393.5903330789831
1548,393.24343619159754
1549,391.39389733267456
1550,387.6722921586845
1551,389.1864258384554
1552,390.03731815815667
1553,391.78262600154767
1554,394.23146487407337
1555,392.18709269816014
1556,392.8582224282535
1557,393.81833126365007
1558,394.22504207654436
1559,398.05873963988614
1560,397.0102935935425
1561,394.92351130462583
1562,393.706795529217
1563,390.58092874465603
1564,392.47089392645927
1565,395.24556603374305
1566,395.4324143693199
1567,397.83765047219833
1568,395.39570882875586
1569,395.2925865803634
1570,397.8523143554911
1571,398.243412714993
1572,401.1977295366466
1573,400.32761202396784
1574,396.55477598471316
1575,395.9799900437296
1576,394.03193718850184
1577,396.0368426368314
1578,399.21093796468097
1579,398.92866248027974
1580,399.80629664481114
1581,398.8105536681585
1582,398.3059191341941
1583,402.26524135558407
1584,402.5912173735334
1585,403.6199990430779
1586,403.1121698677906
1587,398.5019267974809
1588,398.35634977055304
1589,398.6373412521363
1590,399.7193843620187
1591,403.1613890298369
1592,402.0281937585009
1593,402.29763509423464
1594,402.4765039789055
1595,402.03843853032026
1596,406.508011490846
1597,407.0458107740102
1598,405.73395194790254
1599,405.38677707881504
1600,400.7928770630785
1601,401.1180090889315
1602,402.7138026019406
1603,403.4081291789935
1604,406.7835505525386
1605,405.49092235163863
1606,404.5629713503923
1607,406.55799915610703
1608,406.11687121483556
1609,409.6858940816995
1610,410.5421535143545
1611,407.74106163189737
1612,407.44106052444886
1613,404.2825959397243
1614,404.07708379128894
1615,407.23147642714
1616,407.9317540155256
1617,409.5065919521605
1618,408.7529311250556
1619,407.2352830456802
1620,409.987710955486
1621,410.97025548401155
1622,412.6863555496819
1623,414.00179287681465
1624,410.3302248946011
1625,408.7485167292079
1626,407.231879784744
1627,407.3899157213053
1628,411.3214382080658
1629,411.3010546426622
1630,411.95212252148906
1631,412.02595164730377
1632,410.5417494535214
1633,413.72155769665585
1634,415.20431341811957
1635,415.68094307918955
1636,416.2628338738421
1637,411.9529525406683
1638,410.57692627402406
1639,411.05215165091585
1640,411.30248186739254
1641,415.18824023915477
1642,416.217759179647
1643,414.71229202812106
1644,415.3966545672016
1645,414.3875556412716
1646,417.5309094488571
1647,419.5581855576044
1648,418.30889100871224
1649,418.78242852975836
1650,414.39768862532344
1651,412.88968641222414
1652,415.4525253791885
1653,415.4856404871473
1654,418.50985292844604
1655,418.8453753213647
1656,416.9799767055003
1657,418.81950972833266
1658,418.5749980226841
1659,420.99731268216016
1660,423.8286458609706
1661,421.04281522718566
1662,419.71680036281253
1663,417.27279673693727
1664,415.73852185187445
1665,419.4968602801475
1666,419.86744746306954
1667,421.5057453435484
1668,422.0366010306241
1669,419.63612442022315
1670,421.98791138586364
1671,423.28744569624695
1672,424.3860638828717
1673,426.8595387342519
1674,423.42616189705785
1675,421.4072154294666
1676,420.70673361688074
1677,419.21323847220185
1678,423.1729063028974
1679,424.2310618242394
1680,423.9799406697953
1681,425.16297150221936
1682,423.14440612136735
1683,425.1143329863499
1684,428.05392051533175
1685,428.11074853612024
1686,429.3620162008302
1687,425.68316580739895
1688,422.9030521385009
1689,423.785765624936
1690,423.43165542582443
1691,426.75099853608583
1692,428.1999462352925
1693,426.66126531615924
1694,428.05685009168616
1695,427.2868316746787
1696,428.7852166842308
1697,432.23835542805216
1698,431.0924562437949
1699,430.8840391973081
1700,428.3807086472444
1701,425.5536549077195
1702,427.2716595811987
1703,428.4207845514281
1704,430.24447138203624
1705,431.8295612482008
1706,429.432212751347
1707,431.1837810648872
1708,431.40247023758053
1709,433.0201582605166
1710,435.94562135140086
1711,434.12899930428335
1712,432.37698728117283
1713,430.9508272833938
1714,428.2101604729198
1715,430.92615170425506
1716,432.9481602113064
1717,433.32986681177977
1718,435.35711964495886
1719,432.7393025318611
1720,433.4976970804956
1721,436.05156960495395
1722,436.5111797363196
1723,439.388732975429
1724,437.3996591060725
1725,434.03387277534114
1726,433.56474200076656
1727,431.6593753193514
1728,434.630346845022
1729,437.099695046774
1730,436.39904214473916
1731,437.6127197929868
1732,436.37165709833187
1733,436.6050156187971
1734,440.19991080939286
1735,440.23832717270744
1736,441.485041052928
1737,439.769303409027
1738,435.6531756841996
1739,436.201004191031
1740,436.02393373544237
1741,438.10198036114616
1742,441.1287413649203
1743,439.47596603794614
1744,440.2743198489536
1745,439.9526554122319
1746,440.6248471923943
1747,444.31001197141177
1748,444.1552133791287
1749,444.2149899651109
1750,441.98611899618925
1751,438.2064568454068
1752,439.1907539921292
1753,440.78945049418854
1754,441.6172217330196
1755,444.50392440299487
1756,442.5935145455699
1757,443.04889551634966
1758,444.0311140384656
1759,444.6512953620053
1760,447.8611017609275
1761,447.60683813763353
1762,445.22705023007654
1763,444.2760020036632
1764,440.8837491228569
1765,442.37483840774854
1766,445.1721342479826
1767,445.3638149294238
1768,447.51043259065295
1769,445.86105505537034
1770,445.5548020080678
1771,448.1887212171024
1772,448.86992300737603
1773,450.9426042818885
1774,450.77127989050155
1775,447.0546595857641
1776,446.22771390796714
1777,444.53576286705515
1778,445.77822292613973
1779,449.71714428113035
1780,449.23457342507373
1781,450.14817546382494
1782,449.46342633538575
1783,448.49375421632413
1784,452.56329388187675
1785,452.87271921175204
1786,453.66957294964294
1787,453.6769672810412
1788,449.1058479211369
1789,448.45593099527105
1790,448.63017363365014
1791,449.854385996957
1792,453.4724589243901
1793,452.4245099283742
1794,452.21978812718817
1795,452.96204182322134
1796,452.53214577674646
1797,456.1529681786306
1798,457.7528530388227
1799,455.90024783492095
1800,456.3804600000482
1801,451.7470426117294
1802,451.7050452362076
1803,453.3078575488535
1804,453.5828903668919
1805,456.8891323567151
1806,456.1553779250286
1807,454.6226194460044
1808,456.6877056248361
1809,456.5893660926358
1810,459.7740249859672
1811,462.55189814266873
1812,458.10889328985104
1813,457.27440470896425
1814,454.36666375912745
1815,453.89563449113086
1816,457.7566324567807
1817,457.5988578884748
1818,459.5992961350725
1819,459.44739159459374
1820,457.56487813145077
1821,460.13836458245567
1822,461.37106048923556
1823,463.00653996998693
1824,464.0457080283242
1825,460.149252916622
1826,459.3824005945626
1827,457.6391531761008
1828,457.3756151535804
1829,461.3981522421518
1830,462.6761325713131
1831,462.6838507378451
1832,462.5968949937132
1833,460.7420749241366
1834,463.6590799724986
1835,465.8707342134163
1836,465.9733161378507
1837,466.6099916945736
1838,462.44265791156
1839,461.00860595142296
1840,461.52822378524763
1841,461.3280509356351
1842,465.3479282561965
1843,465.61226292771374
1844,464.54018736400104
1845,465.9374901069723
1846,465.03832357738224
1847,467.49749313263465
1848,470.29800496477753
1849,468.54997651742235
1850,468.4556220168874
1851,465.17680677238116
1852,463.0483786451477
1853,465.7232749929505
1854,466.07429635959096
1855,468.50468640114997
1856,469.24298347704485
1857,467.30306413090585
1858,468.6369751349678
1859,469.0473718108714
1860,470.8939874369548
1861,473.7531256377677
1862,471.32317070991223
1863,470.03257686737794
1864,468.31738196898766
1865,465.835581348304
1866,469.3024471499127
1867,470.29256370232247
1868,472.185208677864
1869,472.61183456628487
1870,470.24658718235264
1871,472.13198088832905
1872,473.72842156558215
1873,474.62840970807184
1874,476.8929538402362
1875,473.919002598518
1876,471.4152227632499
1877,471.11738882810545
1878,469.59837797035215
1879,472.9938860025323
1880,475.0153912789907
1881,474.16378083122356
1882,475.4435601476512
1883,473.4348522244491
1884,475.143625572828
1885,478.3704400899823
1886,478.0335851902994
1887,479.216827362058
1888,476.4796252552804
1889,473.08501717355745
1890,474.0319796271806
1891,473.78582071753567
1892,476.9199144358518
1893,479.1219501354291
1894,477.11237469082363
1895,478.024114699533
1896,477.4120682510496
1897,478.54951843137803
1898,482.37463886764783
1899,481.76891857284903
1900,481.24326739090077
1901,479.86959192439514
1902,475.4003867865418
1903,477.8823277842573
1904,478.5375264852891
1905,480.2011274317668
1906,482.60021822518416
1907,479.8472177122212
1908,480.5952360436727
1909,481.7121398239567
1910,482.45664007625066
1911,486.07351960027347
1912,484.80051594090327
1913,482.9898861555358
1914,481.85323600413926
1915,478.3948008040276
1916,481.0069062213445
1917,482.8451334669481
1918,483.2412990597842
1919,485.20132014468044
1920,483.0854688131477
1921,483.39599382840737
1922,486.0908595906765
1923,486.44205183300437
1924,489.1568825472693
1925,487.6685835974399
1926,484.4210455150315
1927,483.82598453421514
1928,482.14924132191874
1929,484.34249347256235
1930,487.4208944214117
1931,486.6785024618847
1932,487.78578580847056
1933,486.74926265865724
1934,486.64411731297247
1935,490.50774333061725
1936,490.68817046117084
1937,491.6397211210351
1938,490.36057963597517
1939,486.0708903833983
1940,486.37296213058846
1941,486.2526539731083
1942,488.06907361522804
1943,491.4754559242496
1944,489.8666730152019
1945,490.2303737405794
1946,490.5499128242569
1947,490.5533735299243
1948,494.32734843291917
1949,494.89198996830856
1950,493.61494689530133
1951,492.64946193760454
1952,488.43584856071527
1953,489.23576185430625
1954,490.83672904067646
1955,491.97171307695606
1956,494.97239559310304
1957,493.90610197844836
1958,492.54093768346604
1959,494.31857568358794
1960,494.49940021489823
1961,497.9257704167869
1962,498.44141794908137
1963,495.73427478594664
1964,494.5252810909011
1965,491.5136383725017
1966,492.4558476325119
1967,495.392613629882
1968,495.8382685695953
1969,497.5809671672447
1970,496.42285178247243
1971,495.23738584650465
1972,499.19606867298734
1973,499.02217390302957
1974,501.25500927084465
1975,501.72716305842647
1976,497.3844262692199
1977,496.65727502848654
1978,495.5064839719076
1979,495.68782337896147
1980,499.66616845272523
1981,499.32411974851317
1982,499.9252663724755
1983,499.8650715442668
1984,498.56474735121714
1985,502.164301206307
1986,503.63095279148456
1987,503.75250847287435
1988,504.36048723336677
1989,499.4334354176857
1990,498.8829205890961
1991,499.2471643989468
1992,499.5309179542318
1993,503.73053113407997
1994,502.9100320423267
1995,502.2185802957899
1996,503.21766629143144
1997,502.55392234198195
1998,505.76497399764514
1999,507.6622838814949
2000,506.2507786988941
2001,506.88297416214414
2002,501.845003908516
2003,501.11148851776153
2004,503.3205425735577
2005,503.845741931251
2006,506.9713322691127
2007,506.6392323947768
2008,504.69844563057785
2009,507.39905815762313
2010,507.0702390612559
2011,509.35118168789774
2012,511.9699509774937
2013,508.61785988308924
2014,507.4077335520598
2015,504.9234514318157
2016,503.88701509542386
2017,507.6811602644175
2018,508.0604732853357
2019,509.76998638954586
2020,509.9039248663067
2021,507.5422272798036
2022,510.34494315969357
2023,511.46049970814124
2024,512.7115265702253
2025,514.8660961901647
2026,510.7365599561011
2027,509.36264040548184
2028,508.25637055207744
2029,507.4496745898287
2030,511.50625108253143
2031,512.1209530469115
2032,512.0812475776894
2033,513.2422219672612
2034,511.04884688935084
2035,513.5278377260479
2036,516.1202940238801
2037,516.0779704669623
2038,516.9001761917092
2039,513.4263484105381
2040,510.777084110225
2041,512.1953204193981
2042,511.5479750528038
2043,515.0916446760109
2044,516.2156617231144
2045,514.5527390769535
2046,515.9097656102484
2047,515.1347577019618
2048,517.2988172256725
2049,520.3198204992611
2050,519.0572572100778
2051,518.6808402503955
2052,516.0559003051857
2053,513.2198308541533
2054,515.8695285756573
2055,516.0532494409761
2056,518.3479273612929
2057,519.6663285906126
2058,517.27529640855
2059,519.3954549706319
2060,519.613700018578
2061,520.8090404387464
2062,524.1296427319118
2063,521.8989055554968
2064,520.3180550653208
2065,518.5996596929886
2066,516.7560306488493
2067,519.6469874206076
2068,520.7430802673359
2069,521.4177423560334
2070,522.8198146475812
2071,520.5620686139655
2072,521.8340220326849
2073,524.0944723570633
2074,524.9565684548834
2075,527.4781587624946
2076,524.5856918362092
2077,521.565107549116
2078,521.529848609663
2079,520.14797116125
2080,522.8395610571243
2081,525.0375752079863
2082,524.345615608576
2083,525.5599633670739
2084,525.0212908809218
2085,525.3380618282831
2086,528.7051340024539
2087,528.3956789642297
2088,529.4451269170229
2089,527.2910877208802
2090,523.3213547504445
2091,524.2317304676005
2092,523.951499709525
2093,526.5469860132923
2094,529.1843733024198
2095,527.4880961757488
2096,528.1741204924697
2097,527.9093701273695
2098,528.5659107971402
2099,532.6027845587583
2100,532.018792747371
2101,531.4732626943614
2102,529.669958113268
2103,525.6507609875321
2104,527.4793610764259
2105,528.8139941172452
2106,529.9456764074863
2107,532.4995016568486
2108,530.3135920733397
2109,530.5810423957664
2110,532.7028499106914
2111,532.4945447118713
2112,536.1916434372826
2113,535.2931715901685
2114,532.8866228782125
2115,532.0177320652328
2116,529.0762324711928
2117,531.6818276704795
2118,533.2316113731059
2119,533.8886532885941
2120,535.6296751188283
2121,533.6904019931064
2122,533.4556562094406
2123,536.3069187629959
2124,536.8928344744193
2125,539.4636915014619
2126,538.2736631363525
2127,534.5558558554958
2128,534.3693279956284
2129,532.6873613241037
2130,534.5947787636549
2131,537.8019122639572
2132,536.873915237616
2133,538.1263313078988
2134,537.1256641853698
2135,536.7241187451443
2136,540.4679901696823
2137,540.9886094303417
2138,541.5871778963309
2139,540.8673385222013
2140,536.3928423504216
2141,537.372418442357
2142,536.7894659353957
2143,537.8871240284847
2144,541.5094781212323
2145,540.2681804483772
2146,540.2184141405829
2147,541.2252106380848
2148,540.3412524030234
2149,544.4152559111368
2150,545.2474410822464
2151,544.0031855006638
2152,543.1763794091229
2153,538.8781067271674
2154,539.5301542296456
2155,542.0997238005901
2156,541.781467898832
2157,545.2139408354942
2158,543.747058473134
2159,543.0968783425922
2160,544.6113613071166
2161,544.6700612026549
2162,547.8879427863847
2163,548.8120166712832
2164,545.7637120961228
2165,545.0587497221787
2166,541.9088240637427
2167,542.2634385741728
2168,545.9670008384295
2169,545.7517245849916
2170,548.0554763810821
2171,547.0020743764766
2172,545.3581240435902
2173,548.5344424648547
2174,549.7874333820137
2175,550.930173419582
2176,551.9304417160464
2177,547.9614015727467
2178,546.6603985010645
2179,545.5618741125945
2180,545.6706294114483
2181,549.7646574652368
2182,549.8500806124197
2183,550.3742359450508
2184,550.4613933958562
2185,548.7037005930522
2186,552.4865927624602
2187,553.7746846756479
2188,554.0473573177611
2189,554.3368418597529
2190,549.9235345499793
2191,548.7354670734934
2192,549.6210788480122
2193,549.5942144884932
2194,553.4570921810869
2195,553.465540897285
2196,552.4192016911067
2197,553.5799033421716
2198,552.7929451156598
2199,555.6477716855745
2200,558.213091801742
2201,556.6581238304037
2202,556.0982557228924
2203,552.4903829022744
2204,551.08745619978
2205,553.6248363297127
2206,554.0035376069526
2207,556.631786210212
2208,557.0935808395485
2209,554.8833185490087
2210,556.9015804971849
2211,557.056721993737
2212,559.4971670170289
2213,561.8092691028418
2214,559.1706859328979
2215,557.6882997910666
2216,555.903536249468
2217,554.5943158487992
2218,557.6948438980418
2219,558.6162092714957
2220,559.5209837516529
2221,560.4088753232513
2222,558.2275726649402
2223,560.1939075722867
2224,561.7190559952367
2225,562.8826373208673
2226,565.1511353977659
2227,561.458875947113
2228,559.4623181877681
2229,559.1254622146189
2230,557.6809885413953
2231,561.4288740035106
2232,562.9841503553877
2233,562.204841023695
2234,563.4189508420852
2235,561.4356513724946
2236,563.4591934593708
2237,566.8542065072935
2238,566.0564639000911
2239,567.2012432849123
2240,564.0956653894474
2241,561.1437570433624
2242,562.1783238873194
2243,562.1499900826944
2244,565.3934093662676
2245,566.8152358244623
2246,564.7863182966328
2247,566.1574082464382
2248,565.3650792567205
2249,567.5593012156379
2250,570.5842372558952
2251,569.275700512081
2252,569.0462157813615
2253,566.3448389018264
2254,563.2654073921938
2255,565.6727040375822
2256,566.632066916562
2257,568.337362641898
2258,570.1331257981692
2259,567.6476789561983
2260,568.9977753940553
2261,570.0194651488652
2262,570.7554342867178
2263,574.4615065539298
2264,572.4402238805526
2265,570.7059001146669
2266,569.0217261878812
2267,566.2663600887724
2268,569.2377296199741
2269,570.9942814527734
2270,571.4382706965886
2271,574.0026497165223
2272,570.8827687606711
2273,571.6925142935434
2274,574.6034038292394
2275,574.8122483448759
2276,577.3010508854329
2277,575.1748714538361
2278,571.9837241844444
2279,571.5876207456367
2280,570.0332508963072
2281,573.0419533012735
2282,575.4373237188214
2283,574.4773410840388
2284,575.7618628303751
2285,574.5004662650394
2286,575.0552678757333
2287,578.8942869555692
2288,578.587561972697
2289,579.5868492274026
2290,577.8364352291804
2291,573.7674873410223
2292,574.3524817014502
2293,574.5410208836689
2294,576.3079471480928
2295,579.5422886343706
2296,577.6389141965675
2297,578.2221445856176
2298,578.2891806095818
2299,578.6007153974124
2300,582.80417356277
2301,582.3888623471211
2302,581.3964166661902
2303,580.035399023974
2304,576.1731474660044
2305,577.5605271761079
2306,579.3598395892047
2307,580.0588944510876
2308,582.7718542154662
2309,580.9147739671768
2310,580.6509777759238
2311,582.354393940925
2312,582.7999505912915
2313,586.3801193414267
2314,586.2369419654236
2315,583.0569866340886
2316,582.2586566681601
2317,579.1582191668389
2318,580.7264376957496
2319,583.5705214276893
2320,583.7261832825402
2321,585.882681994291
2322,584.2286888881808
2323,583.4805082664237
2324,587.2761369979659
2325,586.9499315173238
2326,589.1015645710751
2327,589.1747748173682
2328,584.8769284385965
2329,584.337834702941
2330,582.9635735863556
2331,584.4793536256984
2332,587.9223878764103
2333,587.1490487868735
2334,588.0204726602872
2335,587.6213321281937
2336,586.8897077793957
2337,590.6201785248046
2338,591.357966734559
2339,591.8773192857914
2340,591.5677071495494
2341,586.9681908900181
2342,586.9519333207664
2343,587.0807986415792
2344,587.9309277317071
2345,591.7289088074963
2346,590.912637755395
2347,590.4971400276766
2348,591.1925563130103
2349,590.790156141863
2350,594.1839454001288
2351,595.493033518531
2352,594.2658086113433
2353,593.3968985866996
2354,589.4162966798771
2355,589.5988512946697
2356,591.5690650655757
2357,591.8669982026416
2358,594.9164501244711
2359,594.2970551313754
2360,592.8106102812988
2361,594.8147930306803
2362,595.1924284240088
2363,597.8924213097931
2364,599.38980642769
2365,596.0815848767807
2366,595.1459135036558
2367,592.6072688137632
2368,592.2785039423214
2369,595.7574432867806
2370,596.199538126114
2371,597.6527643720972
2372,597.7494878512365
2373,595.5590542656926
2374,598.4110602414473
2375,599.5349231724559
2376,601.0233493918034
2377,602.2521551890892
2378,598.3019726210576
2379,596.8404084186247
2380,596.1715294301973
2381,595.7561696061982
2382,600.0922754081614
2383,600.9434549747257
2384,600.1228062537589
2385,601.0024605534163
2386,599.3242027359081
2387,602.0145420592268
2388,604.3963090387082
2389,604.0704737806633
2390,604.646102555256
2391,600.6266761541273
2392,598.7161784456855
2393,600.0695660142396
2394,599.8599288264929
2395,603.4642520885186
2396,604.1567429663907
2397,603.080962927747
2398,603.7758908669663
2399,603.3389449265754
2400,605.5145346989541
2401,608.3612299992488
2402,606.7054177169762
2403,606.5614419749652
2404,603.4206105829876
2405,601.1146489251911
2406,603.7977297793051
2407,604.4878113060133
2408,606.6194664526788
2409,607.5162156658994
2410,605.1336537292551
2411,606.8341230986953
2412,607.7540346457083
2413,609.1601003651011
2414,612.0968338358558
2415,609.4023111128867
2416,608.0039743800942
2417,605.9912162895974
2418,604.175778429585
2419,607.5651305699292
2420,608.8145687416886
2421,609.5514918264217
2422,610.7383604997791
2423,608.2117260270504
2424,610.0252408435007
2425,612.1347401031987
2426,613.1276985970676
2427,615.2535612712041
2428,612.3178012812256
2429,609.2983429839405
2430,609.2596435102125
2431,608.3034010565905
2432,611.3463639165359
2433,613.10500805587
2434,612.824768846717
2435,613.5030257106872
2436,611.7915299633032
2437,613.4288727792314
2438,616.630685290213
2439,616.4033887952712
2440,617.3058556690569
2441,614.544278913875
2442,611.130578295345
2443,612.4629946961985
2444,612.3286073518208
2445,614.8637167649813
2446,617.2147452545422
2447,615.1126729079095
2448,616.3015243599375
2449,616.03346440738
2450,617.0376544178051
2451,620.8814776097904
2452,619.9879430678964
2453,619.3055994498716
2454,617.1574948605278
2455,613.5151142902431
2456,615.8811544822629
2457,616.8097508270354
2458,618.3966165079912
2459,620.7628518675363
2460,618.2971380302549
2461,618.855397331426
2462,621.4865857016467
2463,620.904530116529
2464,624.8162027341344
2465,622.9686507610969
2466,620.8318397995353
2467,619.6493521304907
2468,616.6479451771107
2469,619.0572018347998
2470,621.3590852585631
2471,621.611934457063
2472,623.3455993206283
2473,621.6243146518322
2474,621.9865666550797
2475,624.509303376006
2476,624.907347798896
2477,627.9069635113835
2478,626.050404801561
2479,622.2520943801184
2480,622.2105400019935
2481,620.4677356313802
2482,622.6069276556162
2483,626.0567199702077
2484,624.8110621632223
2485,625.9103314172737
2486,624.9241089195604
2487,625.0522173995072
2488,628.7383050048234
2489,629.5010277705042
2490,629.7351186247968
2491,628.5413518009867
2492,624.2052531836326
2493,624.573655198636
2494,624.9920052683693
2495,626.5762866909424
2496,629.647062235716
2497,628.3030927597257
2498,628.6395278812178
2499,628.9212516415087
2500,628.8850385740949
2501,632.7952886270983
2502,633.0240335685995
2503,631.5278711486604
2504,630.8513502185659
2505,626.7915260424684
2506,627.533901345506
2507,629.615307905968
2508,630.1141861205027
2509,633.0358899722299
2510,631.5945971353221
2511,630.7558300703453
2512,632.8383531161434
2513,633.0448855744725
2514,636.4873486280767
2515,636.6260948060219
2516,633.3759781660888
2517,632.84832167633
2518,629.6857535365381
2519,631.0395489151214
2520,633.951232727114
2521,633.8301991983609
2522,635.7137120117771
2523,635.2075337586547
2524,633.5392699237825
2525,636.649572351573
2526,637.6764830601574
2527,639.3078330616365
2528,639.492122340718
2529,635.2831782163557
2530,634.5480473552708
2531,633.455144284386
2532,634.0346513671072
2533,638.3509835068153
2534,637.6043421319539
2535,638.4684002204091
2536,638.7192948026578
2537,637.4545859999417
2538,640.5096680910157
2539,641.8018248983434
2540,641.7910869804284
2541,641.8813628095248
2542,637.5475460891774
2543,637.1988168708656
2544,637.8633683898994
2545,638.0310554335989
2546,641.734676738458
2547,641.3243017922373
2548,640.9540613545511
2549,641.9199679760013
2550,641.0632244598906
2551,644.223141959335
2552,646.1819132847169
2553,644.1909030741837
2554,644.3377605092018
2555,640.1916225316338
2556,639.2432658854243
2557,642.1922611351092
2558,642.1691568299582
2559,645.0069956404329
2560,645.1270992577959
2561,642.8975119520882
2562,644.9429950471241
2563,645.4603230193857
2564,647.7301043346263
2565,649.7872457767297
2566,646.6469671540943
2567,646.0334527568825
2568,643.2443704006596
2569,642.1446061630396
2570,646.2235549580574
2571,646.8238513655185
2572,647.7652382757278
2573,648.7296336073224
2574,646.076909602426
2575,648.4321334925806
2576,649.870217781008
2577,650.8790270286516
2578,652.6120970165862
2579,648.9837354549389
2580,647.3295830533568
2581,646.6033932910261
2582,645.913541665177
2583,649.8644601843861
2584,650.6011178117112
2585,650.2145526772376
2586,651.4819656664092
2587,649.3388583653988
2588,651.9955228465813
2589,654.4528319552486
2590,654.1742776332959
2591,655.2116568930571
2592,651.2455968003537
2593,648.9178490085355
2594,650.1217685844505
2595,650.0707318717867
2596,653.3016810297272
2597,654.5884643373228
2598,652.7903995495932
2599,654.2276748170065
2600,653.4415101768803
2601,655.4309337013052
2602,658.7945270140029
2603,657.1369388983549
2604,656.7824127275106
2605,653.805525067494
2606,651.205880925468
2607,654.5055122550489
2608,654.5251542166251
2609,656.6681395102486
2610,658.3502140631275
2611,655.574867681757
2612,657.7565784898138
2613,657.9800368724067
2614,659.1538380963964
2615,662.3765399868307
2616,659.9256185167144
2617,658.5272865720189
2618,657.1735331419494
2619,654.382471815659
2620,657.5348857770041
2621,659.3088736069885
2622,659.6395543317485
2623,661.0063341351685
2624,658.6708893232178
2625,660.3287436318697
2626,662.454965648165
2627,662.8761550606894
2628,665.2911734389874
2629,662.6512952914949
2630,659.5370354373904
2631,659.393468912182
2632,658.141717959082
2633,661.2499651725828
2634,663.7094036964173
2635,662.4534118634004
2636,663.7318765226025
2637,662.481614013245
2638,663.1909133551518
2639,667.8567667440461
2640,667.0575539537381
2641,667.543770238201
2642,665.3348991686711
2643,661.481758017259
2644,662.565058567065
2645,662.5009314553208
2646,664.8240953258729
2647,667.6275263746375
2648,665.4318725190791
2649,666.9117767189487
2650,666.4836967662222
2651,666.9550468719381
2652,670.9246987618966
2653,670.4980988155926
2654,669.442561237397
2655,667.6984018446749
2656,663.908554966727
2657,665.9031706138531
2658,667.0792515397357
2659,668.280233914358
2660,670.7209715968802
2661,668.5398305676433
2662,668.7153953342512
2663,670.550421594529
2664,671.2913774042805
2665,674.6466982273208
2666,673.8526469332447
2667,670.7474248001553
2668,669.8755989731781
2669,667.0397045601086
2670,669.221817996378
2671,672.0335650995377
2672,672.2569010326009
2673,673.9081597590272
2674,671.894548687525
2675,671.6924323486398
2676,675.0616880459037
2677,675.2640686756905
2678,678.0818247126384
2679,676.6835507437335
2680,672.4438713260544
2681,672.6318575129917
2682,670.852061611198
2683,672.8826017317357
2684,676.0354964520567
2685,675.2923123914404
2686,675.9258987890057
2687,675.4272385699138
2688,675.1178045440442
2689,678.9508143915583
2690,679.4831834204955
2691,679.8669888409695
2692,679.0090899361601
2693,674.5637350803416
2694,674.6216868271317
2695,675.4450002411818
2696,676.3284572871602
2697,679.8245868173043
2698,678.6814358781374
2699,678.3117707926856
2700,679.2506747721438
2701,679.5552514839289
2702,682.8433324078181
2703,683.4043243918202
2704,681.740640393859
2705,681.8506743358537
2706,677.2162995732233
2707,677.286571860119
2708,679.9822979498578
2709,680.1229466555602
2710,683.2335497672385
2711,682.4294498084653
2712,680.7976709629406
2713,682.9181153367535
2714,683.110251894054
2715,686.1533609473358
2716,687.0838602246743
2717,683.6641565525716
2718,682.9204862429731
2719,680.3655452292817
2720,680.5843917239638
2721,684.0753087697652
2722,684.761156545018
2723,686.0400129463452
2724,685.3611896599622
2725,683.9512029358762
2726,686.7534238806844
2727,688.3453082576008
2728,689.2794643794219
2729,689.931582962446
2730,685.8413956026794
2731,684.677116003575
2732,683.9338052844201
2733,684.0581508711622
2734,688.726329310461
2735,688.0827751488019
2736,688.172666101636
2737,688.7670256821925
2738,687.3947906203815
2739,690.4776270967934
2740,692.2087019182211
2741,692.2985573360864
2742,692.4852493048146
2743,688.1912254207793
2744,687.2719732889061
2745,687.9577899497081
2746,688.7543287675248
2747,691.6918366318582
2748,692.1937983067296
2749,690.5525989490737
2750,691.9319206660285
2751,691.0886237677375
2752,693.9893645227886
2753,696.7149045211331
2754,694.6523660426705
2755,694.3043692995617
2756,690.8598823030788
2757,689.1197285580611
2758,692.0553444974565
2759,692.4144127804132
2760,694.876426120976
2761,695.3618296036325
2762,693.1031816570551
2763,694.9996052204715
2764,695.6312470097205
2765,697.7375780704378
2766,700.0085603910843
2767,697.0541956861466
2768,695.6228088801665
2769,693.6752608800483
2770,692.2444762353562
2771,695.9637823716164
2772,696.7670029824463
2773,697.951571209723
2774,698.5689616918436
2775,696.4586245835928
2776,698.6217341597237
2777,700.7525823221338
2778,701.1243162431206
2779,703.0205241798861
2780,699.4919919651659
2781,697.2388055021801
2782,697.0351984017365
2783,696.3449342754803
2784,699.7378964943824
2785,701.1439324973169
2786,700.448138068959
2787,701.5367056503756
2788,699.9088206910366
2789,702.0939154638938
2790,704.8263135065426
2791,704.3469660083196
2792,705.2176536593063
2793,702.3004714386541
2794,698.9883627761844
2795,700.4345591527939
2796,700.5885986983835
2797,703.5622217015092
2798,705.2749013967366
2799,703.5361598494278
2800,704.2301974737871
2801,704.0794700086354
2802,705.3179647015332
2803,709.2368709018956
2804,707.5775735380518
2805,706.7886392467854
2806,704.5081930779495
2807,701.443965416777
2808,703.852628752492
2809,704.9293231690868
2810,706.4796777930987
2811,708.3552311819036
2812,706.180319299028
2813,706.9426318831959
2814,708.3623617652478
2815,709.1689505877739
2816,712.7922826546404
2817,710.7052501656461
2818,708.6588725412358
2819,707.2429121646354
2820,704.7993062288766
2821,707.9378396858644
2822,709.8569824770452
2823,709.8759506151813
2824,711.356756955897
2825,709.1397285764364
2826,709.8236443374221
2827,712.747054978104
2828,713.1281064299917
2829,715.5516675226584
2830,713.5200809405459
2831,709.8484739959987
2832,709.7796379922692
2833,708.4874927006286
2834,711.1382678379775
2835,714.1152167416508
2836,712.7259110855305
2837,713.9159692558184
2838,712.7766236264187
2839,713.1757401182224
2840,717.1194932266808
2841,716.9750738662715
2842,717.60582718602
2843,715.8727690533299
2844,711.7474305463219
2845,712.8074053778777
2846,712.9684478897741
2847,715.0007207758512
2848,718.4137881322873
2849,715.8913341634343
2850,716.2740937221516
2851,716.9831567550978
2852,716.8904505046196
2853,721.378291002473
2854,721.0341237765987
2855,719.9079964486332
2856,718.2046055949312
2857,714.6343785512154
2858,715.7662186669293
2859,717.7101235441661
2860,718.3166853994625
2861,720.9637151491719
2862,719.3497176624601
2863,718.7200772289892
2864,720.942913733553
2865,721.0796607168758
2866,724.8440379885202
2867,724.144058991819
2868,721.2520698128803
2869,720.3892613079325
2870,717.4816125992627
2871,719.064867882777
2872,722.067437124634
2873,721.8857324259617
2874,724.1928362442345
2875,722.5847663407143
2876,721.9909458134847
2877,724.9314547279176
2878,725.4335101887702
2879,727.5787561208741
2880,727.0451870477666
2881,723.0333831168116
2882,722.3122189782156
2883,721.601073804351
2884,723.1861412153324
2885,726.5428717603658
2886,725.5730534998366
2887,726.0456095708179
2888,726.0152450382315
2889,724.9796827774614
2890,728.9533694310817
2891,730.3341546193057
2892,729.7969888038048
2893,729.5052373614227
2894,725.6959549232537
2895,724.6817364167927
2896,726.112571497221
2897,726.2407427503308
2898,729.9857912765667
2899,729.2097869868826
2900,728.3326019514768
2901,729.5438967624987
2902,729.123544966673
2903,733.0561482869941
2904,733.9588370814785
2905,732.6157042772626
2906,731.3836427627139
2907,728.0578972439246
2908,727.2850371539616
2909,730.0033487264592
2910,730.3352425201617
2911,733.1309605794515
2912,732.7415740090202
2913,730.9272337947808
2914,733.1348689970813
2915,733.5515975836374
2916,736.2388096603357
2917,737.4924255110539
2918,734.1061945283251
2919,733.0925863782251
2920,730.9966282015196
2921,730.8980646512989
2922,734.3557218682085
2923,734.5447856631515
2924,735.8087274917589
2925,735.935503188639
2926,733.8719554932427
2927,736.9062557303441
2928,738.491848664092
2929,739.1111534481681
2930,740.4468188977927
2931,736.8205091661489
2932,734.871312888619
2933,734.3565724854287
2934,734.2354396967664
2935,738.2290379543008
2936,738.5034900237946
2937,738.2410156723691
2938,739.0745932519251
2939,737.526140796857
2940,740.2692905702448
2941,742.6270966452022
2942,742.182171464066
2943,742.5723038473352
2944,738.9407395095423
2945,737.2710994761231
2946,738.1721726977229
2947,738.2240708402848
2948,741.7264303900305
2949,742.6093285105997
2950,740.8229298894366
2951,742.0657054824671
2952,741.4698298161959
2953,744.1014142442223
2954,747.1895257166078
2955,744.9198093621633
2956,744.3226547075475
2957,741.397092221969
2958,739.5158679585302
2959,742.1734203078526
2960,743.2357986801195
2961,745.3149389452424
2962,745.9382060736579
2963,743.5840625071654
2964,745.3044120837892
2965,746.0371521417013
2966,747.5845217971082
2967,750.3453087025621
2968,747.7412408406271
2969,746.403887430746
2970,744.4906962773796
2971,742.3540419912753
2972,745.9450853426947
2973,747.1628177288785
2974,747.6310085119324
2975,748.8445642615226
2976,746.6334645074113
2977,748.4883931032414
2978,750.7209048693087
2979,751.2677885006378
2980,753.4648568092388
2981,750.1148121779477
2982,747.2617734409822
2983,747.3061269513631
2984,746.2290028267674
2985,749.887209970163
2986,751.5774329323534
2987,750.5491586291006
2988,751.6932954641684
2989,750.6871544855353
2990,751.7604283794818
2991,755.223819574082
2992,754.7058947687436
2993,756.5210475545503
2994,752.6061007960342
2995,749.432250526213
2996,750.5693288352752
2997,750.8494223992154
2998,753.1965861060684
2999,755.3804690417326
